Workbook

Sheet 2025 Population Estimates
A1: Barangay Code | B1: Region, Province/City, Municipality and Barangay | C1: Total Pop. | D1: HH Pop | E1: Number of Households Estimates 2025 | F1: All Ages | I1: Under 1 | L1: 3-5 months | O1: 6 months | R1: 0-6 months | U1: 6-10 months | X1: 0-9 months | AA1: 6-11 months | AD1: 0-12 months | AG1: 6-17 months | AJ1: 6-23 months | AM1: 10-23 months | AP1: 11-23 months | AS1: 13-23 months | AV1: 13-24 months | AY1: 6-59 months | BB1: 9-59 months | BE1: 1-4 years | BH1: 5-9 years old | BK1: 5-11 years old | BN1: 9-14 years old | BQ1: 10-14 years old | BT1: 10-19 years old | BW1: 15-19 years old | BZ1: 20-49 years old | CC1: 0-4 years old | CF1: 0-5 years old | CI1: 0-12 years old | CL1: 5 years and above | CO1: 5-6 years old | CR1: 12-13 years old | CU1: 0-14 years old | CX1: 12-59 years old | DA1: 14-49 years old | DD1: 15-49 years old | DG1: 20-59 years old | DJ1: 20 years and above | DM1: 60-65 years old | DP1: 60 years and above
F2: Male | G2: Female | H2: Total | I2: Male | J2: Female | K2: Total | L2: Male | M2: Female | N2: Total | O2: Male | P2: Female | Q2: Total | R2: Male | S2: Female | T2: Total | U2: Male | V2: Female | W2: Total | X2: Male | Y2: Female | Z2: Total | AA2: Male | AB2: Female | AC2: Total | AD2: Male | AE2: Female | AF2: Total | AG2: Male | AH2: Female | AI2: Total | AJ2: Male | AK2: Female | AL2: Total | AM2: Male | AN2: Female | AO2: Total | AP2: Male | AQ2: Female | AR2: Total | AS2: Male | AT2: Female | AU2: Total | AV2: Male | AW2: Female | AX2: Total | AY2: Male | AZ2: Female | BA2: Total | BB2: Male | BC2: Female | BD2: Total | BE2: Male | BF2: Female | BG2: Total | BH2: Male | BI2: Female | BJ2: Total | BK2: Male | BL2: Female | BM2: Total | BN2: Male | BO2: Female | BP2: Total | BQ2: Male | BR2: Female | BS2: Total | BT2: Male | BU2: Female | BV2: Total | BW2: Male | BX2: Female | BY2: Total | BZ2: Male | CA2: Female | CB2: Total | CC2: Male | CD2: Female | CE2: Total | CF2: Male | CG2: Female | CH2: Total | CI2: Male | CJ2: Female | CK2: Total | CL2: Male | CM2: Female | CN2: Total | CO2: Male | CP2: Female | CQ2: Total | CR2: Male | CS2: Female | CT2: Total | CU2: Male | CV2: Female | CW2: Total | CX2: Male | CY2: Female | CZ2: Total | DA2: Male | DB2: Female | DC2: Total | DD2: Male | DE2: Female | DF2: Total | DG2: Male | DH2: Female | DI2: Total | DJ2: Male | DK2: Female | DL2: Total | DM2: Male | DN2: Female | DO2: Total | DP2: Male | DQ2: Female | DR2: Total
A3: 501600000 | B3: Camarines Norte | C3: 670815 | D3: 669876 | E3: 153546 | F3: 341404 | G3: 329411 | H3: 670815 | I3: 7902 | J3: 7209 | K3: 15111 | L3: 1973 | M3: 1802 | N3: 3775 | O3: 655 | P3: 603 | Q3: 1258 | R3: 4607 | S3: 4206 | T3: 8813 | U3: 3293 | V3: 2997 | W3: 6290 | X3: 6593 | Y3: 5999 | Z3: 12592 | AA3: 3951 | AB3: 3600 | AC3: 7551 | AD3: 8551 | AE3: 7821 | AF3: 16372 | AG3: 7816 | AH3: 7303 | AI3: 15119 | AJ3: 11700 | AK3: 11004 | AL3: 22704 | AM3: 9066 | AN3: 8600 | AO3: 17666 | AP3: 8404 | AQ3: 8007 | AR3: 16411 | AS3: 7100 | AT3: 6792 | AU3: 13892 | AV3: 7777 | AW3: 7425 | AX3: 15202 | AY3: 36678 | AZ3: 34178 | BA3: 70856 | BB3: 34700 | BC3: 32380 | BD3: 67080 | BE3: 32727 | BF3: 30578 | BG3: 63305 | BH3: 40752 | BI3: 37525 | BJ3: 78277 | BK3: 56690 | BL3: 52618 | BM3: 109308 | BN3: 47051 | BO3: 44036 | BP3: 91087 | BQ3: 38751 | BR3: 36493 | BS3: 75244 | BT3: 74116 | BU3: 70173 | BV3: 144289 | BW3: 35365 | BX3: 33680 | BY3: 69045 | BZ3: 132589 | CA3: 124816 | CB3: 257405 | CC3: 40629 | CD3: 37787 | CE3: 78416 | CF3: 48364 | CG3: 44772 | CH3: 93136 | CI3: 105274 | CJ3: 97902 | CK3: 203176 | CL3: 300775 | CM3: 291624 | CN3: 592399 | CO3: 15751 | CP3: 14382 | CQ3: 30133 | CR3: 15431 | CS3: 14565 | CT3: 29996 | CU3: 120132 | CV3: 111805 | CW3: 231937 | CX3: 219157 | CY3: 207254 | CZ3: 426411 | DA3: 175336 | DB3: 165331 | DC3: 340667 | DD3: 167954 | DE3: 158496 | DF3: 326450 | DG3: 160979 | DH3: 152174 | DI3: 313153 | DJ3: 185907 | DK3: 183926 | DL3: 369833 | DM3: 11991 | DN3: 12266 | DO3: 24257 | DP3: 24928 | DQ3: 31752 | DR3: 56680
A4: 501603000 | B4: Daet | C4: 118364 | D4: 117966 | E4: 26931 | F4: 58595 | G4: 59769 | H4: 118364 | I4: 1185 | J4: 1056 | K4: 2241 | L4: 297 | M4: 263 | N4: 560 | O4: 100 | P4: 87 | Q4: 187 | R4: 691 | S4: 616 | T4: 1307 | U4: 494 | V4: 439 | W4: 933 | X4: 987 | Y4: 879 | Z4: 1866 | AA4: 593 | AB4: 527 | AC4: 1120 | AD4: 1286 | AE4: 1150 | AF4: 2436 | AG4: 1199 | AH4: 1086 | AI4: 2285 | AJ4: 1804 | AK4: 1651 | AL4: 3455 | AM4: 1409 | AN4: 1299 | AO4: 2708 | AP4: 1311 | AQ4: 1211 | AR4: 2522 | AS4: 1110 | AT4: 1030 | AU4: 2140 | AV4: 1214 | AW4: 1125 | AX4: 2339 | AY4: 5580 | AZ4: 5113 | BA4: 10693 | BB4: 5284 | BC4: 4849 | BD4: 10133 | BE4: 4987 | BF4: 4586 | BG4: 9573 | BH4: 6253 | BI4: 5865 | BJ4: 12118 | BK4: 8784 | BL4: 8362 | BM4: 17146 | BN4: 7564 | BO4: 7244 | BP4: 14808 | BQ4: 6283 | BR4: 6037 | BS4: 12320 | BT4: 12659 | BU4: 12149 | BV4: 24808 | BW4: 6376 | BX4: 6112 | BY4: 12488 | BZ4: 23846 | CA4: 24345 | CB4: 48191 | CC4: 6172 | CD4: 5642 | CE4: 11814 | CF4: 7376 | CG4: 6749 | CH4: 14125 | CI4: 16188 | CJ4: 15234 | CK4: 31422 | CL4: 52423 | CM4: 54127 | CN4: 106550 | CO4: 2434 | CP4: 2210 | CQ4: 4644 | CR4: 2509 | CS4: 2381 | CT4: 4890 | CU4: 18708 | CV4: 17544 | CW4: 36252 | CX4: 39097 | CY4: 39408 | CZ4: 78505 | DA4: 31465 | DB4: 31616 | DC4: 63081 | DD4: 30222 | DE4: 30457 | DF4: 60679 | DG4: 28969 | DH4: 29756 | DI4: 58725 | DJ4: 33511 | DK4: 36113 | DL4: 69624 | DM4: 2197 | DN4: 2451 | DO4: 4648 | DP4: 4542 | DQ4: 6357 | DR4: 10899
B5: RHU I | C5: =SUM(C6:C14) -> 52568 | D5: =SUM(D6:D14) -> 52430 | E5: =SUM(E6:E14) -> 11807 | F5: =SUM(F6:F14) -> 26006 | G5: =SUM(G6:G14) -> 26562 | H5: =SUM(H6:H14) -> 52568 | I5: =SUM(I6:I14) -> 543 | J5: =SUM(J6:J14) -> 467 | ... DR5: =SUM(DR6:DR14) -> 4496
A6: 501603001 | B6: Alawihao | C6: 12494 | D6: 12427 | E6: 2723 | F6: 6213 | G6: 6281 | H6: 12494 | I6: 122 | J6: 116 | K6: 238 | L6: 31 | M6: 29 | N6: 60 | O6: 11 | P6: 9 | Q6: 20 | R6: 72 | S6: 67 | T6: 139 | U6: 51 | V6: 48 | W6: 99 | X6: 102 | Y6: 96 | Z6: 198 | AA6: 61 | AB6: 58 | AC6: 119 | AD6: 133 | AE6: 126 | AF6: 259 | AG6: 122 | AH6: 121 | AI6: 243 | AJ6: 183 | AK6: 184 | AL6: 367 | AM6: 143 | AN6: 145 | AO6: 288 | AP6: 133 | AQ6: 135 | AR6: 268 | AS6: 111 | AT6: 116 | AU6: 227 | AV6: 122 | AW6: 126 | AX6: 248 | AY6: 583 | AZ6: 583 | BA6: 1166 | BB6: 553 | BC6: 554 | BD6: 1107 | BE6: 522 | BF6: 525 | BG6: 1047 | BH6: 715 | BI6: 637 | BJ6: 1352 | BK6: 1000 | BL6: 933 | BM6: 1933 | BN6: 868 | BO6: 820 | BP6: 1688 | BQ6: 724 | BR6: 689 | BS6: 1413 | BT6: 1477 | BU6: 1409 | BV6: 2886 | BW6: 753 | BX6: 720 | BY6: 1473 | BZ6: 2494 | CA6: 2503 | CB6: 4997 | CC6: 644 | CD6: 641 | CE6: 1285 | CF6: 790 | CG6: 764 | CH6: 1554 | CI6: 1787 | CJ6: 1709 | CK6: 3496 | CL6: 5569 | CM6: 5640 | CN6: 11209 | CO6: 269 | CP6: 231 | CQ6: 500 | CR6: 286 | CS6: 263 | CT6: 549 | CU6: 2083 | CV6: 1967 | CW6: 4050 | CX6: 4199 | CY6: 4147 | CZ6: 8346 | DA6: 3400 | DB6: 3353 | DC6: 6753 | DD6: 3247 | DE6: 3223 | DF6: 6470 | DG6: 3007 | DH6: 3034 | DI6: 6041 | DJ6: 3377 | DK6: 3594 | DL6: 6971 | DM6: 183 | DN6: 223 | DO6: 406 | DP6: 370 | DQ6: 560 | DR6: 930
A7: 501603004 | B7: Bibirao | C7: 2305 | D7: 2305 | E7: 535 | F7: 1180 | G7: 1125 | H7: 2305 | I7: 22 | J7: 18 | K7: 40 | L7: 5 | M7: 5 | N7: 10 | O7: 1 | P7: 2 | Q7: 3 | R7: 12 | S7: 11 | T7: 23 | U7: 9 | V7: 8 | W7: 17 | X7: 18 | Y7: 15 | Z7: 33 | AA7: 11 | AB7: 9 | AC7: 20 | AD7: 25 | AE7: 22 | AF7: 47 | AG7: 31 | AH7: 29 | AI7: 60 | AJ7: 51 | AK7: 49 | AL7: 100 | AM7: 43 | AN7: 43 | AO7: 86 | AP7: 41 | AQ7: 42 | AR7: 83 | AS7: 37 | AT7: 36 | AU7: 73 | AV7: 41 | AW7: 37 | AX7: 78 | AY7: 151 | AZ7: 126 | BA7: 277 | BB7: 145 | BC7: 122 | BD7: 267 | BE7: 140 | BF7: 117 | BG7: 257 | BH7: 135 | BI7: 129 | BJ7: 264 | BK7: 181 | BL7: 174 | BM7: 355 | BN7: 136 | BO7: 157 | BP7: 293 | BQ7: 108 | BR7: 120 | BS7: 228 | BT7: 223 | BU7: 249 | BV7: 472 | BW7: 115 | BX7: 129 | BY7: 244 | BZ7: 471 | CA7: 439 | CB7: 910 | CC7: 162 | CD7: 135 | CE7: 297 | CF7: 191 | CG7: 153 | CH7: 344 | CI7: 363 | CJ7: 337 | CK7: 700 | CL7: 1018 | CM7: 990 | CN7: 2008 | CO7: 49 | CP7: 46 | CQ7: 95 | CR7: 39 | CS7: 60 | CT7: 99 | CU7: 405 | CV7: 384 | CW7: 789 | CX7: 759 | CY7: 740 | CZ7: 1499 | DA7: 609 | DB7: 583 | DC7: 1192 | DD7: 586 | DE7: 568 | DF7: 1154 | DG7: 582 | DH7: 536 | DI7: 1118 | DJ7: 660 | DK7: 612 | DL7: 1272 | DM7: 39 | DN7: 35 | DO7: 74 | DP7: 78 | DQ7: 76 | DR7: 154
A8: 501603006 | B8: Calasgasan | C8: 4386 | D8: 4386 | E8: 1001 | F8: 2219 | G8: 2167 | H8: 4386 | I8: 29 | J8: 35 | K8: 64 | L8: 7 | M8: 9 | N8: 16 | O8: 2 | P8: 3 | Q8: 5 | R8: 16 | S8: 21 | T8: 37 | U8: 12 | V8: 15 | W8: 27 | X8: 24 | Y8: 30 | Z8: 54 | AA8: 14 | AB8: 18 | AC8: 32 | AD8: 32 | AE8: 39 | AF8: 71 | AG8: 33 | AH8: 40 | AI8: 73 | AJ8: 53 | AK8: 61 | AL8: 114 | AM8: 43 | AN8: 49 | AO8: 92 | AP8: 41 | AQ8: 46 | AR8: 87 | AS8: 36 | AT8: 39 | AU8: 75 | AV8: 41 | AW8: 42 | AX8: 83 | AY8: 199 | AZ8: 192 | BA8: 391 | BB8: 192 | BC8: 183 | BD8: 375 | BE8: 185 | BF8: 174 | BG8: 359 | BH8: 250 | BI8: 208 | BJ8: 458 | BK8: 345 | BL8: 321 | BM8: 666 | BN8: 296 | BO8: 303 | BP8: 599 | BQ8: 242 | BR8: 256 | BS8: 498 | BT8: 491 | BU8: 479 | BV8: 970 | BW8: 249 | BX8: 223 | BY8: 472 | BZ8: 922 | CA8: 898 | CB8: 1820 | CC8: 214 | CD8: 209 | CE8: 423 | CF8: 263 | CG8: 232 | CH8: 495 | CI8: 610 | CJ8: 585 | CK8: 1195 | CL8: 2005 | CM8: 1958 | CN8: 3963 | CO8: 98 | CP8: 73 | CQ8: 171 | CR8: 97 | CS8: 101 | CT8: 198 | CU8: 706 | CV8: 673 | CW8: 1379 | CX8: 1504 | CY8: 1429 | CZ8: 2933 | DA8: 1221 | DB8: 1163 | DC8: 2384 | DD8: 1171 | DE8: 1121 | DF8: 2292 | DG8: 1108 | DH8: 1063 | DI8: 2171 | DJ8: 1264 | DK8: 1271 | DL8: 2535 | DM8: 79 | DN8: 72 | DO8: 151 | DP8: 156 | DQ8: 208 | DR8: 364
A9: 501603007 | B9: Camambugan | C9: 10067 | D9: 10049 | E9: 2216 | F9: 4933 | G9: 5134 | H9: 10067 | I9: 102 | J9: 76 | K9: 178 | L9: 26 | M9: 19 | N9: 45 | O9: 9 | P9: 6 | Q9: 15 | R9: 60 | S9: 44 | T9: 104 | U9: 43 | V9: 31 | W9: 74 | X9: 85 | Y9: 63 | Z9: 148 | AA9: 51 | AB9: 38 | AC9: 89 | AD9: 112 | AE9: 82 | AF9: 194 | AG9: 107 | AH9: 78 | AI9: 185 | AJ9: 162 | AK9: 119 | AL9: 281 | AM9: 128 | AN9: 93 | AO9: 221 | AP9: 120 | AQ9: 87 | AR9: 207 | AS9: 101 | AT9: 75 | AU9: 176 | AV9: 109 | AW9: 85 | AX9: 194 | AY9: 481 | AZ9: 439 | BA9: 920 | BB9: 456 | BC9: 420 | BD9: 876 | BE9: 430 | BF9: 401 | BG9: 831 | BH9: 485 | BI9: 480 | BJ9: 965 | BK9: 687 | BL9: 689 | BM9: 1376 | BN9: 658 | BO9: 591 | BP9: 1249 | BQ9: 559 | BR9: 496 | BS9: 1055 | BT9: 1079 | BU9: 985 | BV9: 2064 | BW9: 520 | BX9: 489 | BY9: 1009 | BZ9: 1984 | CA9: 2135 | CB9: 4119 | CC9: 532 | CD9: 477 | CE9: 1009 | CF9: 621 | CG9: 570 | CH9: 1191 | CI9: 1354 | CJ9: 1255 | CK9: 2609 | CL9: 4401 | CM9: 4657 | CN9: 9058 | CO9: 191 | CP9: 173 | CQ9: 364 | CR9: 248 | CS9: 193 | CT9: 441 | CU9: 1576 | CV9: 1453 | CW9: 3029 | CX9: 3307 | CY9: 3373 | CZ9: 6680 | DA9: 2613 | DB9: 2718 | DC9: 5331 | DD9: 2504 | DE9: 2624 | DF9: 5128 | DG9: 2430 | DH9: 2597 | DI9: 5027 | DJ9: 2837 | DK9: 3192 | DL9: 6029 | DM9: 194 | DN9: 230 | DO9: 424 | DP9: 407 | DQ9: 595 | DR9: 1002
A10: 501603012 | B10: Dogongan | C10: 4476 | D10: 4454 | E10: 1011 | F10: 2256 | G10: 2220 | H10: 4476 | I10: 62 | J10: 54 | K10: 116 | L10: 16 | M10: 13 | N10: 29 | O10: 6 | P10: 4 | Q10: 10 | R10: 37 | S10: 31 | T10: 68 | U10: 26 | V10: 22 | W10: 48 | X10: 52 | Y10: 45 | Z10: 97 | AA10: 31 | AB10: 27 | AC10: 58 | AD10: 67 | AE10: 57 | AF10: 124 | AG10: 59 | AH10: 46 | AI10: 105 | AJ10: 86 | AK10: 66 | AL10: 152 | AM10: 66 | AN10: 48 | AO10: 114 | AP10: 61 | AQ10: 43 | AR10: 104 | AS10: 50 | AT10: 36 | AU10: 86 | AV10: 55 | AW10: 41 | AX10: 96 | AY10: 246 | AZ10: 236 | BA10: 482 | BB10: 231 | BC10: 222 | BD10: 453 | BE10: 215 | BF10: 209 | BG10: 424 | BH10: 277 | BI10: 289 | BJ10: 566 | BK10: 374 | BL10: 405 | BM10: 779 | BN10: 294 | BO10: 286 | BP10: 580 | BQ10: 231 | BR10: 230 | BS10: 461 | BT10: 453 | BU10: 439 | BV10: 892 | BW10: 222 | BX10: 209 | BY10: 431 | BZ10: 965 | CA10: 900 | CB10: 1865 | CC10: 277 | CD10: 263 | CE10: 540 | CF10: 332 | CG10: 313 | CH10: 645 | CI10: 686 | CJ10: 719 | CK10: 1405 | CL10: 1979 | CM10: 1957 | CN10: 3936 | CO10: 108 | CP10: 109 | CQ10: 217 | CR10: 83 | CS10: 81 | CT10: 164 | CU10: 785 | CV10: 782 | CW10: 1567 | CX10: 1474 | CY10: 1389 | CZ10: 2863 | DA10: 1238 | DB10: 1142 | DC10: 2380 | DD10: 1187 | DE10: 1109 | DF10: 2296 | DG10: 1118 | DH10: 1066 | DI10: 2184 | DJ10: 1249 | DK10: 1229 | DL10: 2478 | DM10: 72 | DN10: 69 | DO10: 141 | DP10: 131 | DQ10: 163 | DR10: 294
A11: 501603018 | B11: Magang | C11: 8138 | D11: 8131 | E11: 1817 | F11: 4023 | G11: 4115 | H11: 8138 | I11: 106 | J11: 77 | K11: 183 | L11: 27 | M11: 19 | N11: 46 | O11: 9 | P11: 6 | Q11: 15 | R11: 62 | S11: 44 | T11: 106 | U11: 45 | V11: 32 | W11: 77 | X11: 89 | Y11: 64 | Z11: 153 | AA11: 53 | AB11: 38 | AC11: 91 | AD11: 114 | AE11: 84 | AF11: 198 | AG11: 97 | AH11: 80 | AI11: 177 | AJ11: 140 | AK11: 123 | AL11: 263 | AM11: 105 | AN11: 97 | AO11: 202 | AP11: 96 | AQ11: 91 | AR11: 187 | AS11: 79 | AT11: 78 | AU11: 157 | AV11: 86 | AW11: 85 | AX11: 171 | AY11: 418 | AZ11: 355 | BA11: 773 | BB11: 392 | BC11: 336 | BD11: 728 | BE11: 365 | BF11: 317 | BG11: 682 | BH11: 459 | BI11: 381 | BJ11: 840 | BK11: 627 | BL11: 541 | BM11: 1168 | BN11: 516 | BO11: 492 | BP11: 1008 | BQ11: 426 | BR11: 405 | BS11: 831 | BT11: 837 | BU11: 802 | BV11: 1639 | BW11: 411 | BX11: 397 | BY11: 808 | BZ11: 1613 | CA11: 1777 | CB11: 3390 | CC11: 471 | CD11: 394 | CE11: 865 | CF11: 559 | CG11: 465 | CH11: 1024 | CI11: 1181 | CJ11: 1019 | CK11: 2200 | CL11: 3552 | CM11: 3721 | CN11: 7273 | CO11: 181 | CP11: 151 | CQ11: 332 | CR11: 176 | CS11: 169 | CT11: 345 | CU11: 1356 | CV11: 1180 | CW11: 2536 | CX11: 2609 | CY11: 2782 | CZ11: 5391 | DA11: 2106 | DB11: 2250 | DC11: 4356 | DD11: 2024 | DE11: 2174 | DF11: 4198 | DG11: 1940 | DH11: 2140 | DI11: 4080 | DJ11: 2256 | DK11: 2538 | DL11: 4794 | DM11: 149 | DN11: 170 | DO11: 319 | DP11: 316 | DQ11: 398 | DR11: 714
A12: 501603021 | B12: Mancruz | C12: 3845 | D12: 3842 | E12: 915 | F12: 1869 | G12: 1976 | H12: 3845 | I12: 38 | J12: 38 | K12: 76 | L12: 10 | M12: 9 | N12: 19 | O12: 4 | P12: 3 | Q12: 7 | R12: 23 | S12: 22 | T12: 45 | U12: 16 | V12: 15 | W12: 31 | X12: 32 | Y12: 31 | Z12: 63 | AA12: 19 | AB12: 19 | AC12: 38 | AD12: 43 | AE12: 41 | AF12: 84 | AG12: 45 | AH12: 37 | AI12: 82 | AJ12: 71 | AK12: 55 | AL12: 126 | AM12: 59 | AN12: 42 | AO12: 101 | AP12: 56 | AQ12: 39 | AR12: 95 | AS12: 47 | AT12: 33 | AU12: 80 | AV12: 50 | AW12: 36 | AX12: 86 | AY12: 197 | AZ12: 175 | BA12: 372 | BB12: 188 | BC12: 165 | BD12: 353 | BE12: 178 | BF12: 156 | BG12: 334 | BH12: 198 | BI12: 177 | BJ12: 375 | BK12: 286 | BL12: 253 | BM12: 539 | BN12: 269 | BO12: 221 | BP12: 490 | BQ12: 227 | BR12: 183 | BS12: 410 | BT12: 411 | BU12: 389 | BV12: 800 | BW12: 184 | BX12: 206 | BY12: 390 | BZ12: 796 | CA12: 908 | CB12: 1704 | CC12: 216 | CD12: 194 | CE12: 410 | CF12: 249 | CG12: 232 | CH12: 481 | CI12: 534 | CJ12: 480 | CK12: 1014 | CL12: 1653 | CM12: 1782 | CN12: 3435 | CO12: 89 | CP12: 66 | CQ12: 155 | CR12: 86 | CS12: 70 | CT12: 156 | CU12: 641 | CV12: 554 | CW12: 1195 | CX12: 1264 | CY12: 1386 | CZ12: 2650 | DA12: 1033 | DB12: 1151 | DC12: 2184 | DD12: 980 | DE12: 1114 | DF12: 2094 | DG12: 941 | DH12: 1073 | DI12: 2014 | DJ12: 1044 | DK12: 1216 | DL12: 2260 | DM12: 53 | DN12: 63 | DO12: 116 | DP12: 103 | DQ12: 143 | DR12: 246
A13: 501603023 | B13: Pamorangon | C13: 3638 | D13: 3634 | E13: 823 | F13: 1800 | G13: 1838 | H13: 3638 | I13: 34 | J13: 31 | K13: 65 | L13: 8 | M13: 8 | N13: 16 | O13: 2 | P13: 3 | Q13: 5 | R13: 19 | S13: 19 | T13: 38 | U13: 14 | V13: 13 | W13: 27 | X13: 28 | Y13: 26 | Z13: 54 | AA13: 17 | AB13: 16 | AC13: 33 | AD13: 36 | AE13: 35 | AF13: 71 | AG13: 33 | AH13: 39 | AI13: 72 | AJ13: 49 | AK13: 62 | AL13: 111 | AM13: 37 | AN13: 52 | AO13: 89 | AP13: 34 | AQ13: 49 | AR13: 83 | AS13: 30 | AT13: 42 | AU13: 72 | AV13: 33 | AW13: 44 | AX13: 77 | AY13: 155 | AZ13: 148 | BA13: 303 | BB13: 146 | BC13: 140 | BD13: 286 | BE13: 138 | BF13: 132 | BG13: 270 | BH13: 182 | BI13: 179 | BJ13: 361 | BK13: 264 | BL13: 258 | BM13: 522 | BN13: 237 | BO13: 226 | BP13: 463 | BQ13: 201 | BR13: 179 | BS13: 380 | BT13: 391 | BU13: 341 | BV13: 732 | BW13: 190 | BX13: 162 | BY13: 352 | BZ13: 717 | CA13: 737 | CB13: 1454 | CC13: 172 | CD13: 163 | CE13: 335 | CF13: 215 | CG13: 187 | CH13: 402 | CI13: 474 | CJ13: 464 | CK13: 938 | CL13: 1628 | CM13: 1675 | CN13: 3303 | CO13: 76 | CP13: 60 | CQ13: 136 | CR13: 73 | CS13: 75 | CT13: 148 | CU13: 555 | CV13: 521 | CW13: 1076 | CX13: 1178 | CY13: 1177 | CZ13: 2355 | DA13: 953 | DB13: 924 | DC13: 1877 | DD13: 907 | DE13: 899 | DF13: 1806 | DG13: 869 | DH13: 915 | DI13: 1784 | DJ13: 1055 | DK13: 1155 | DL13: 2210 | DM13: 92 | DN13: 92 | DO13: 184 | DP13: 186 | DQ13: 240 | DR13: 426
A14: 501603025 | B14: Barangay II | C14: 3219 | D14: 3202 | E14: 766 | F14: 1513 | G14: 1706 | H14: 3219 | I14: 28 | J14: 22 | K14: 50 | L14: 7 | M14: 6 | N14: 13 | O14: 2 | P14: 2 | Q14: 4 | R14: 16 | S14: 13 | T14: 29 | U14: 11 | V14: 10 | W14: 21 | X14: 23 | Y14: 19 | Z14: 42 | AA14: 14 | AB14: 11 | AC14: 25 | AD14: 29 | AE14: 24 | AF14: 53 | AG14: 24 | AH14: 19 | AI14: 43 | AJ14: 35 | AK14: 27 | AL14: 62 | AM14: 25 | AN14: 20 | AO14: 45 | AP14: 23 | AQ14: 18 | AR14: 41 | AS14: 20 | AT14: 14 | AU14: 34 | AV14: 23 | AW14: 16 | AX14: 39 | AY14: 117 | AZ14: 115 | BA14: 232 | BB14: 110 | BC14: 110 | BD14: 220 | BE14: 103 | BF14: 104 | BG14: 207 | BH14: 138 | BI14: 151 | BJ14: 289 | BK14: 201 | BL14: 210 | BM14: 411 | BN14: 174 | BO14: 210 | BP14: 384 | BQ14: 152 | BR14: 168 | BS14: 320 | BT14: 323 | BU14: 347 | BV14: 670 | BW14: 171 | BX14: 179 | BY14: 350 | BZ14: 631 | CA14: 675 | CB14: 1306 | CC14: 131 | CD14: 126 | CE14: 257 | CF14: 155 | CG14: 146 | CH14: 301 | CI14: 368 | CJ14: 366 | CK14: 734 | CL14: 1382 | CM14: 1580 | CN14: 2962 | CO14: 56 | CP14: 46 | CQ14: 102 | CR14: 64 | CS14: 75 | CT14: 139 | CU14: 421 | CV14: 445 | CW14: 866 | CX14: 1051 | CY14: 1134 | CZ14: 2185 | DA14: 827 | DB14: 888 | DC14: 1715 | DD14: 802 | DE14: 854 | DF14: 1656 | DG14: 791 | DH14: 846 | DI14: 1637 | DJ14: 921 | DK14: 1082 | DL14: 2003 | DM14: 65 | DN14: 90 | DO14: 155 | DP14: 130 | DQ14: 236 | DR14: 366
B15: RHU II | C15: =SUM(C16:C24) -> 33322 | D15: =SUM(D16:D24) -> 33216 | E15: =SUM(E16:E24) -> 7651 | F15: =SUM(F16:F24) -> 16498 | G15: =SUM(G16:G24) -> 16824 | H15: =SUM(H16:H24) -> 33322 | I15: =SUM(I16:I24) -> 344 | J15: =SUM(J16:J24) -> 309 | ... DR15: =SUM(DR16:DR24) -> 3057
A16: 501603003 | B16: Bagasbas | C16: 6000 | D16: 5993 | E16: 1348 | F16: 3074 | G16: 2926 | H16: 6000 | I16: 51 | J16: 56 | K16: 107 | L16: 13 | M16: 14 | N16: 27 | O16: 5 | P16: 4 | Q16: 9 | R16: 30 | S16: 32 | T16: 62 | U16: 22 | V16: 23 | W16: 45 | X16: 43 | Y16: 46 | Z16: 89 | AA16: 26 | AB16: 28 | AC16: 54 | AD16: 57 | AE16: 58 | AF16: 115 | AG16: 61 | AH16: 45 | AI16: 106 | AJ16: 96 | AK16: 63 | AL16: 159 | AM16: 79 | AN16: 44 | AO16: 123 | AP16: 75 | AQ16: 39 | AR16: 114 | AS16: 64 | AT16: 33 | AU16: 97 | AV16: 69 | AW16: 39 | AX16: 108 | AY16: 331 | AZ16: 256 | BA16: 587 | BB16: 318 | BC16: 242 | BD16: 560 | BE16: 305 | BF16: 228 | BG16: 533 | BH16: 347 | BI16: 324 | BJ16: 671 | BK16: 495 | BL16: 457 | BM16: 952 | BN16: 398 | BO16: 390 | BP16: 788 | BQ16: 321 | BR16: 327 | BS16: 648 | BT16: 658 | BU16: 593 | BV16: 1251 | BW16: 337 | BX16: 266 | BY16: 603 | BZ16: 1198 | CA16: 1171 | CB16: 2369 | CC16: 356 | CD16: 284 | CE16: 640 | CF16: 413 | CG16: 346 | CH16: 759 | CI16: 907 | CJ16: 811 | CK16: 1718 | CL16: 2718 | CM16: 2642 | CN16: 5360 | CO16: 132 | CP16: 111 | CQ16: 243 | CR16: 112 | CS16: 142 | CT16: 254 | CU16: 1024 | CV16: 935 | CW16: 1959 | CX16: 1974 | CY16: 1902 | CZ16: 3876 | DA16: 1596 | DB16: 1489 | DC16: 3085 | DD16: 1535 | DE16: 1437 | DF16: 2972 | DG16: 1464 | DH16: 1442 | DI16: 2906 | DJ16: 1713 | DK16: 1725 | DL16: 3438 | DM16: 126 | DN16: 104 | DO16: 230 | DP16: 249 | DQ16: 283 | DR16: 532
A17: 501603008 | B17: Cobangbang | C17: 4265 | D17: 4265 | E17: 1011 | F17: 2150 | G17: 2115 | H17: 4265 | I17: 54 | J17: 32 | K17: 86 | L17: 13 | M17: 8 | N17: 21 | O17: 4 | P17: 3 | Q17: 7 | R17: 31 | S17: 19 | T17: 50 | U17: 22 | V17: 14 | W17: 36 | X17: 45 | Y17: 27 | Z17: 72 | AA17: 27 | AB17: 16 | AC17: 43 | AD17: 58 | AE17: 35 | AF17: 93 | AG17: 54 | AH17: 33 | AI17: 87 | AJ17: 81 | AK17: 50 | AL17: 131 | AM17: 63 | AN17: 40 | AO17: 103 | AP17: 58 | AQ17: 37 | AR17: 95 | AS17: 50 | AT17: 31 | AU17: 81 | AV17: 54 | AW17: 34 | AX17: 88 | AY17: 222 | AZ17: 168 | BA17: 390 | BB17: 208 | BC17: 160 | BD17: 368 | BE17: 195 | BF17: 152 | BG17: 347 | BH17: 277 | BI17: 214 | BJ17: 491 | BK17: 374 | BL17: 325 | BM17: 699 | BN17: 299 | BO17: 291 | BP17: 590 | BQ17: 251 | BR17: 252 | BS17: 503 | BT17: 479 | BU17: 483 | BV17: 962 | BW17: 228 | BX17: 231 | BY17: 459 | BZ17: 819 | CA17: 848 | CB17: 1667 | CC17: 249 | CD17: 184 | CE17: 433 | CF17: 307 | CG17: 225 | CH17: 532 | CI17: 688 | CJ17: 548 | CK17: 1236 | CL17: 1901 | CM17: 1931 | CN17: 3832 | CO17: 119 | CP17: 92 | CQ17: 211 | CR17: 100 | CS17: 86 | CT17: 186 | CU17: 777 | CV17: 650 | CW17: 1427 | CX17: 1392 | CY17: 1400 | CZ17: 2792 | DA17: 1101 | DB17: 1134 | DC17: 2235 | DD17: 1047 | DE17: 1079 | DF17: 2126 | DG17: 1010 | DH17: 1028 | DI17: 2038 | DJ17: 1145 | DK17: 1234 | DL17: 2379 | DM17: 60 | DN17: 74 | DO17: 134 | DP17: 135 | DQ17: 206 | DR17: 341
A18: 501603014 | B18: Gubat | C18: 7100 | D18: 7096 | E18: 1507 | F18: 3461 | G18: 3639 | H18: 7100 | I18: 67 | J18: 66 | K18: 133 | L18: 17 | M18: 16 | N18: 33 | O18: 6 | P18: 5 | Q18: 11 | R18: 40 | S18: 38 | T18: 78 | U18: 28 | V18: 27 | W18: 55 | X18: 56 | Y18: 55 | Z18: 111 | AA18: 34 | AB18: 33 | AC18: 67 | AD18: 72 | AE18: 72 | AF18: 144 | AG18: 64 | AH18: 71 | AI18: 135 | AJ18: 94 | AK18: 110 | AL18: 204 | AM18: 72 | AN18: 88 | AO18: 160 | AP18: 66 | AQ18: 82 | AR18: 148 | AS18: 55 | AT18: 71 | AU18: 126 | AV18: 61 | AW18: 76 | AX18: 137 | AY18: 318 | AZ18: 281 | BA18: 599 | BB18: 301 | BC18: 264 | BD18: 565 | BE18: 284 | BF18: 248 | BG18: 532 | BH18: 383 | BI18: 354 | BJ18: 737 | BK18: 521 | BL18: 503 | BM18: 1024 | BN18: 451 | BO18: 450 | BP18: 901 | BQ18: 356 | BR18: 386 | BS18: 742 | BT18: 744 | BU18: 769 | BV18: 1513 | BW18: 388 | BX18: 383 | BY18: 771 | BZ18: 1396 | CA18: 1474 | CB18: 2870 | CC18: 351 | CD18: 314 | CE18: 665 | CF18: 418 | CG18: 388 | CH18: 806 | CI18: 941 | CJ18: 922 | CK18: 1863 | CL18: 3110 | CM18: 3325 | CN18: 6435 | CO18: 135 | CP18: 140 | CQ18: 275 | CR18: 140 | CS18: 165 | CT18: 305 | CU18: 1090 | CV18: 1054 | CW18: 2144 | CX18: 2312 | CY18: 2449 | CZ18: 4761 | DA18: 1862 | DB18: 1929 | DC18: 3791 | DD18: 1784 | DE18: 1857 | DF18: 3641 | DG18: 1706 | DH18: 1829 | DI18: 3535 | DJ18: 1983 | DK18: 2202 | DL18: 4185 | DM18: 141 | DN18: 153 | DO18: 294 | DP18: 277 | DQ18: 373 | DR18: 650
A19: 501603019 | B19: Mambalite | C19: 2511 | D19: 2511 | E19: 561 | F19: 1308 | G19: 1203 | H19: 2511 | I19: 38 | J19: 20 | K19: 58 | L19: 9 | M19: 5 | N19: 14 | O19: 3 | P19: 2 | Q19: 5 | R19: 22 | S19: 12 | T19: 34 | U19: 15 | V19: 9 | W19: 24 | X19: 31 | Y19: 17 | Z19: 48 | AA19: 19 | AB19: 10 | AC19: 29 | AD19: 40 | AE19: 23 | AF19: 63 | AG19: 36 | AH19: 23 | AI19: 59 | AJ19: 53 | AK19: 36 | AL19: 89 | AM19: 40 | AN19: 30 | AO19: 70 | AP19: 37 | AQ19: 28 | AR19: 65 | AS19: 32 | AT19: 23 | AU19: 55 | AV19: 35 | AW19: 25 | AX19: 60 | AY19: 156 | AZ19: 125 | BA19: 281 | BB19: 146 | BC19: 120 | BD19: 266 | BE19: 137 | BF19: 115 | BG19: 252 | BH19: 144 | BI19: 164 | BJ19: 308 | BK19: 210 | BL19: 215 | BM19: 425 | BN19: 203 | BO19: 170 | BP19: 373 | BQ19: 175 | BR19: 134 | BS19: 309 | BT19: 330 | BU19: 253 | BV19: 583 | BW19: 155 | BX19: 119 | BY19: 274 | BZ19: 479 | CA19: 460 | CB19: 939 | CC19: 175 | CD19: 135 | CE19: 310 | CF19: 211 | CG19: 171 | CH19: 382 | CI19: 415 | CJ19: 385 | CK19: 800 | CL19: 1133 | CM19: 1068 | CN19: 2201 | CO19: 60 | CP19: 66 | CQ19: 126 | CR19: 66 | CS19: 59 | CT19: 125 | CU19: 494 | CV19: 433 | CW19: 927 | CX19: 849 | CY19: 769 | CZ19: 1618 | DA19: 677 | DB19: 603 | DC19: 1280 | DD19: 634 | DE19: 579 | DF19: 1213 | DG19: 585 | DH19: 567 | DI19: 1152 | DJ19: 659 | DK19: 651 | DL19: 1310 | DM19: 36 | DN19: 29 | DO19: 65 | DP19: 74 | DQ19: 84 | DR19: 158
A20: 501603024 | B20: Barangay I | C20: 2488 | D20: 2484 | E20: 614 | F20: 1189 | G20: 1299 | H20: 2488 | I20: 12 | J20: 23 | K20: 35 | L20: 3 | M20: 5 | N20: 8 | O20: 1 | P20: 1 | Q20: 2 | R20: 7 | S20: 13 | T20: 20 | U20: 5 | V20: 9 | W20: 14 | X20: 10 | Y20: 19 | Z20: 29 | AA20: 6 | AB20: 11 | AC20: 17 | AD20: 14 | AE20: 25 | AF20: 39 | AG20: 16 | AH20: 24 | AI20: 40 | AJ20: 26 | AK20: 37 | AL20: 63 | AM20: 22 | AN20: 29 | AO20: 51 | AP20: 21 | AQ20: 27 | AR20: 48 | AS20: 18 | AT20: 24 | AU20: 42 | AV20: 20 | AW20: 26 | AX20: 46 | AY20: 102 | AZ20: 94 | BA20: 196 | BB20: 99 | BC20: 88 | BD20: 187 | BE20: 96 | BF20: 83 | BG20: 179 | BH20: 129 | BI20: 106 | BJ20: 235 | BK20: 176 | BL20: 147 | BM20: 323 | BN20: 153 | BO20: 128 | BP20: 281 | BQ20: 122 | BR20: 106 | BS20: 228 | BT20: 249 | BU20: 230 | BV20: 479 | BW20: 127 | BX20: 124 | BY20: 251 | BZ20: 494 | CA20: 553 | CB20: 1047 | CC20: 108 | CD20: 106 | CE20: 214 | CF20: 128 | CG20: 124 | CH20: 252 | CI20: 304 | CJ20: 275 | CK20: 579 | CL20: 1081 | CM20: 1193 | CN20: 2274 | CO20: 42 | CP20: 39 | CQ20: 81 | CR20: 51 | CS20: 42 | CT20: 93 | CU20: 359 | CV20: 318 | CW20: 677 | CX20: 801 | CY20: 862 | CZ20: 1663 | DA20: 645 | DB20: 700 | DC20: 1345 | DD20: 621 | DE20: 677 | DF20: 1298 | DG20: 599 | DH20: 673 | DI20: 1272 | DJ20: 703 | DK20: 857 | DL20: 1560 | DM20: 45 | DN20: 63 | DO20: 108 | DP20: 104 | DQ20: 184 | DR20: 288
A21: 501603029 | B21: Barangay VI | C21: 2028 | D21: 2026 | E21: 497 | F21: 971 | G21: 1057 | H21: 2028 | I21: 15 | J21: 14 | K21: 29 | L21: 3 | M21: 4 | N21: 7 | O21: 1 | P21: 2 | Q21: 3 | R21: 8 | S21: 9 | T21: 17 | U21: 6 | V21: 6 | W21: 12 | X21: 12 | Y21: 12 | Z21: 24 | AA21: 7 | AB21: 7 | AC21: 14 | AD21: 16 | AE21: 16 | AF21: 32 | AG21: 17 | AH21: 17 | AI21: 34 | AJ21: 27 | AK21: 27 | AL21: 54 | AM21: 22 | AN21: 23 | AO21: 45 | AP21: 21 | AQ21: 22 | AR21: 43 | AS21: 19 | AT21: 18 | AU21: 37 | AV21: 21 | AW21: 19 | AX21: 40 | AY21: 83 | AZ21: 67 | BA21: 150 | BB21: 79 | BC21: 64 | BD21: 143 | BE21: 76 | BF21: 60 | BG21: 136 | BH21: 82 | BI21: 78 | BJ21: 160 | BK21: 111 | BL21: 115 | BM21: 226 | BN21: 99 | BO21: 108 | BP21: 207 | BQ21: 79 | BR21: 93 | BS21: 172 | BT21: 181 | BU21: 191 | BV21: 372 | BW21: 102 | BX21: 98 | BY21: 200 | BZ21: 383 | CA21: 420 | CB21: 803 | CC21: 91 | CD21: 74 | CE21: 165 | CF21: 104 | CG21: 89 | CH21: 193 | CI21: 220 | CJ21: 208 | CK21: 428 | CL21: 880 | CM21: 983 | CN21: 1863 | CO21: 27 | CP21: 29 | CQ21: 56 | CR21: 34 | CS21: 32 | CT21: 66 | CU21: 252 | CV21: 245 | CW21: 497 | CX21: 657 | CY21: 704 | CZ21: 1361 | DA21: 501 | DB21: 542 | DC21: 1043 | DD21: 485 | DE21: 518 | DF21: 1003 | DG21: 505 | DH21: 550 | DI21: 1055 | DJ21: 617 | DK21: 714 | DL21: 1331 | DM21: 61 | DN21: 56 | DO21: 117 | DP21: 112 | DQ21: 164 | DR21: 276
A22: 501603030 | B22: Barangay VII | C22: 2141 | D22: 2139 | E22: 551 | F22: 990 | G22: 1151 | H22: 2141 | I22: 21 | J22: 23 | K22: 44 | L22: 6 | M22: 5 | N22: 11 | O22: 2 | P22: 1 | Q22: 3 | R22: 13 | S22: 13 | T22: 26 | U22: 9 | V22: 9 | W22: 18 | X22: 18 | Y22: 19 | Z22: 37 | AA22: 11 | AB22: 11 | AC22: 22 | AD22: 23 | AE22: 24 | AF22: 47 | AG22: 19 | AH22: 19 | AI22: 38 | AJ22: 26 | AK22: 27 | AL22: 53 | AM22: 19 | AN22: 19 | AO22: 38 | AP22: 17 | AQ22: 17 | AR22: 34 | AS22: 13 | AT22: 15 | AU22: 28 | AV22: 14 | AW22: 17 | AX22: 31 | AY22: 76 | AZ22: 80 | BA22: 156 | BB22: 71 | BC22: 74 | BD22: 145 | BE22: 65 | BF22: 69 | BG22: 134 | BH22: 85 | BI22: 93 | BJ22: 178 | BK22: 115 | BL22: 142 | BM22: 257 | BN22: 96 | BO22: 129 | BP22: 225 | BQ22: 84 | BR22: 112 | BS22: 196 | BT22: 202 | BU22: 236 | BV22: 438 | BW22: 118 | BX22: 124 | BY22: 242 | BZ22: 438 | CA22: 480 | CB22: 918 | CC22: 86 | CD22: 92 | CE22: 178 | CF22: 108 | CG22: 109 | CH22: 217 | CI22: 218 | CJ22: 251 | CK22: 469 | CL22: 904 | CM22: 1059 | CN22: 1963 | CO22: 38 | CP22: 35 | CQ22: 73 | CR22: 42 | CS22: 35 | CT22: 77 | CU22: 255 | CV22: 297 | CW22: 552 | CX22: 701 | CY22: 767 | CZ22: 1468 | DA22: 568 | DB22: 632 | DC22: 1200 | DD22: 556 | DE22: 604 | DF22: 1160 | DG22: 529 | DH22: 580 | DI22: 1109 | DJ22: 617 | DK22: 730 | DL22: 1347 | DM22: 37 | DN22: 62 | DO22: 99 | DP22: 88 | DQ22: 150 | DR22: 238
A23: 501603031 | B23: Barangay VIII | C23: 3111 | D23: 3104 | E23: 774 | F23: 1471 | G23: 1640 | H23: 3111 | I23: 25 | J23: 18 | K23: 43 | L23: 6 | M23: 5 | N23: 11 | O23: 2 | P23: 2 | Q23: 4 | R23: 14 | S23: 11 | T23: 25 | U23: 10 | V23: 8 | W23: 18 | X23: 20 | Y23: 15 | Z23: 35 | AA23: 12 | AB23: 9 | AC23: 21 | AD23: 27 | AE23: 21 | AF23: 48 | AG23: 28 | AH23: 23 | AI23: 51 | AJ23: 44 | AK23: 37 | AL23: 81 | AM23: 36 | AN23: 31 | AO23: 67 | AP23: 34 | AQ23: 30 | AR23: 64 | AS23: 30 | AT23: 25 | AU23: 55 | AV23: 32 | AW23: 26 | AX23: 58 | AY23: 109 | AZ23: 113 | BA23: 222 | BB23: 103 | BC23: 109 | BD23: 212 | BE23: 97 | BF23: 104 | BG23: 201 | BH23: 119 | BI23: 129 | BJ23: 248 | BK23: 182 | BL23: 186 | BM23: 368 | BN23: 165 | BO23: 173 | BP23: 338 | BQ23: 146 | BR23: 152 | BS23: 298 | BT23: 318 | BU23: 333 | BV23: 651 | BW23: 172 | BX23: 181 | BY23: 353 | BZ23: 624 | CA23: 684 | CB23: 1308 | CC23: 122 | CD23: 122 | CE23: 244 | CF23: 141 | CG23: 154 | CH23: 295 | CI23: 321 | CJ23: 344 | CK23: 665 | CL23: 1349 | CM23: 1518 | CN23: 2867 | CO23: 42 | CP23: 57 | CQ23: 99 | CR23: 52 | CS23: 64 | CT23: 116 | CU23: 387 | CV23: 403 | CW23: 790 | CX23: 1037 | CY23: 1122 | CZ23: 2159 | DA23: 827 | DB23: 896 | DC23: 1723 | DD23: 796 | DE23: 865 | DF23: 1661 | DG23: 782 | DH23: 846 | DI23: 1628 | DJ23: 912 | DK23: 1056 | DL23: 1968 | DM23: 59 | DN23: 78 | DO23: 137 | DP23: 130 | DQ23: 210 | DR23: 340
A24: 501603032 | B24: San Isidro | C24: 3678 | D24: 3598 | E24: 788 | F24: 1884 | G24: 1794 | H24: 3678 | I24: 61 | J24: 57 | K24: 118 | L24: 16 | M24: 14 | N24: 30 | O24: 6 | P24: 4 | Q24: 10 | R24: 36 | S24: 33 | T24: 69 | U24: 26 | V24: 23 | W24: 49 | X24: 51 | Y24: 47 | Z24: 98 | AA24: 31 | AB24: 28 | AC24: 59 | AD24: 65 | AE24: 60 | AF24: 125 | AG24: 55 | AH24: 51 | AI24: 106 | AJ24: 79 | AK24: 75 | AL24: 154 | AM24: 59 | AN24: 56 | AO24: 115 | AP24: 54 | AQ24: 51 | AR24: 105 | AS24: 44 | AT24: 44 | AU24: 88 | AV24: 48 | AW24: 48 | AX24: 96 | AY24: 225 | AZ24: 208 | BA24: 433 | BB24: 210 | BC24: 194 | BD24: 404 | BE24: 194 | BF24: 180 | BG24: 374 | BH24: 208 | BI24: 220 | BJ24: 428 | BK24: 290 | BL24: 297 | BM24: 587 | BN24: 236 | BO24: 214 | BP24: 450 | BQ24: 200 | BR24: 178 | BS24: 378 | BT24: 393 | BU24: 378 | BV24: 771 | BW24: 193 | BX24: 200 | BY24: 393 | BZ24: 774 | CA24: 682 | CB24: 1456 | CC24: 255 | CD24: 237 | CE24: 492 | CF24: 304 | CG24: 281 | CH24: 585 | CI24: 588 | CJ24: 567 | CK24: 1155 | CL24: 1629 | CM24: 1557 | CN24: 3186 | CO24: 87 | CP24: 90 | CQ24: 177 | CR24: 79 | CS24: 68 | CT24: 147 | CU24: 663 | CV24: 635 | CW24: 1298 | CX24: 1235 | CY24: 1130 | CZ24: 2365 | DA24: 1006 | DB24: 915 | DC24: 1921 | DD24: 967 | DE24: 882 | DF24: 1849 | DG24: 924 | DH24: 829 | DI24: 1753 | DJ24: 1028 | DK24: 959 | DL24: 1987 | DM24: 48 | DN24: 66 | DO24: 114 | DP24: 104 | DQ24: 130 | DR24: 234
B25: RHU III | C25: =SUM(C26:C32) -> 32474 | D25: =SUM(D26:D32) -> 32320 | E25: =SUM(E26:E32) -> 7473 | F25: =SUM(F26:F32) -> 16091 | G25: =SUM(G26:G32) -> 16383 | H25: =SUM(H26:H32) -> 32474 | I25: =SUM(I26:I32) -> 298 | J25: =SUM(J26:J32) -> 280 | ... DR25: =SUM(DR26:DR32) -> 3346
A26: 501603026 | B26: Barangay III | C26: 1940 | D26: 1843 | E26: 485 | F26: 963 | G26: 977 | H26: 1940 | I26: 13 | J26: 14 | K26: 27 | L26: 4 | M26: 3 | N26: 7 | O26: 2 | P26: 1 | Q26: 3 | R26: 8 | S26: 8 | T26: 16 | U26: 6 | V26: 5 | W26: 11 | X26: 11 | Y26: 11 | Z26: 22 | AA26: 7 | AB26: 7 | AC26: 14 | AD26: 15 | AE26: 14 | AF26: 29 | AG26: 16 | AH26: 11 | AI26: 27 | AJ26: 24 | AK26: 15 | AL26: 39 | AM26: 20 | AN26: 10 | AO26: 30 | AP26: 19 | AQ26: 9 | AR26: 28 | AS26: 15 | AT26: 8 | AU26: 23 | AV26: 15 | AW26: 10 | AX26: 25 | AY26: 72 | AZ26: 67 | BA26: 139 | BB26: 69 | BC26: 63 | BD26: 132 | BE26: 65 | BF26: 60 | BG26: 125 | BH26: 82 | BI26: 74 | BJ26: 156 | BK26: 116 | BL26: 109 | BM26: 225 | BN26: 93 | BO26: 101 | BP26: 194 | BQ26: 74 | BR26: 79 | BS26: 153 | BT26: 175 | BU26: 178 | BV26: 353 | BW26: 101 | BX26: 99 | BY26: 200 | BZ26: 411 | CA26: 393 | CB26: 804 | CC26: 78 | CD26: 74 | CE26: 152 | CF26: 93 | CG26: 87 | CH26: 180 | CI26: 209 | CJ26: 200 | CK26: 409 | CL26: 885 | CM26: 903 | CN26: 1788 | CO26: 27 | CP26: 27 | CQ26: 54 | CR26: 30 | CS26: 30 | CT26: 60 | CU26: 234 | CV26: 227 | CW26: 461 | CX26: 645 | CY26: 640 | CZ26: 1285 | DA26: 522 | DB26: 506 | DC26: 1028 | DD26: 512 | DE26: 492 | DF26: 1004 | DG26: 504 | DH26: 497 | DI26: 1001 | DJ26: 628 | DK26: 651 | DL26: 1279 | DM26: 52 | DN26: 55 | DO26: 107 | DP26: 124 | DQ26: 154 | DR26: 278
A27: 501603027 | B27: Barangay IV | C27: 8621 | D27: 8590 | E27: 1901 | F27: 4313 | G27: 4308 | H27: 8621 | I27: 77 | J27: 62 | K27: 139 | L27: 19 | M27: 16 | N27: 35 | O27: 6 | P27: 6 | Q27: 12 | R27: 44 | S27: 37 | T27: 81 | U27: 32 | V27: 26 | W27: 58 | X27: 64 | Y27: 52 | Z27: 116 | AA27: 38 | AB27: 31 | AC27: 69 | AD27: 84 | AE27: 68 | AF27: 152 | AG27: 81 | AH27: 64 | AI27: 145 | AJ27: 124 | AK27: 97 | AL27: 221 | AM27: 98 | AN27: 77 | AO27: 175 | AP27: 92 | AQ27: 72 | AR27: 164 | AS27: 79 | AT27: 60 | AU27: 139 | AV27: 87 | AW27: 66 | AX27: 153 | AY27: 411 | AZ27: 350 | BA27: 761 | BB27: 392 | BC27: 335 | BD27: 727 | BE27: 373 | BF27: 319 | BG27: 692 | BH27: 449 | BI27: 430 | BJ27: 879 | BK27: 635 | BL27: 610 | BM27: 1245 | BN27: 576 | BO27: 528 | BP27: 1104 | BQ27: 465 | BR27: 447 | BS27: 912 | BT27: 939 | BU27: 909 | BV27: 1848 | BW27: 474 | BX27: 462 | BY27: 936 | BZ27: 1807 | CA27: 1685 | CB27: 3492 | CC27: 450 | CD27: 381 | CE27: 831 | CF27: 533 | CG27: 466 | CH27: 999 | CI27: 1181 | CJ27: 1082 | CK27: 2263 | CL27: 3863 | CM27: 3927 | CN27: 7790 | CO27: 158 | CP27: 167 | CQ27: 325 | CR27: 190 | CS27: 166 | CT27: 356 | CU27: 1364 | CV27: 1258 | CW27: 2622 | CX27: 2916 | CY27: 2816 | CZ27: 5732 | DA27: 2370 | DB27: 2248 | DC27: 4618 | DD27: 2281 | DE27: 2147 | DF27: 4428 | DG27: 2163 | DH27: 2087 | DI27: 4250 | DJ27: 2475 | DK27: 2588 | DL27: 5063 | DM27: 154 | DN27: 184 | DO27: 338 | DP27: 312 | DQ27: 501 | DR27: 813
A28: 501603028 | B28: Barangay V | C28: 5118 | D28: 5113 | E28: 1197 | F28: 2520 | G28: 2598 | H28: 5118 | I28: 47 | J28: 51 | K28: 98 | L28: 12 | M28: 12 | N28: 24 | O28: 4 | P28: 4 | Q28: 8 | R28: 28 | S28: 29 | T28: 57 | U28: 20 | V28: 21 | W28: 41 | X28: 40 | Y28: 42 | Z28: 82 | AA28: 24 | AB28: 25 | AC28: 49 | AD28: 51 | AE28: 55 | AF28: 106 | AG28: 47 | AH28: 50 | AI28: 97 | AJ28: 70 | AK28: 76 | AL28: 146 | AM28: 54 | AN28: 59 | AO28: 113 | AP28: 50 | AQ28: 55 | AR28: 105 | AS28: 42 | AT28: 47 | AU28: 89 | AV28: 45 | AW28: 52 | AX28: 97 | AY28: 207 | AZ28: 214 | BA28: 421 | BB28: 195 | BC28: 201 | BD28: 396 | BE28: 183 | BF28: 189 | BG28: 372 | BH28: 243 | BI28: 228 | BJ28: 471 | BK28: 340 | BL28: 325 | BM28: 665 | BN28: 303 | BO28: 271 | BP28: 574 | BQ28: 260 | BR28: 222 | BS28: 482 | BT28: 527 | BU28: 480 | BV28: 1007 | BW28: 267 | BX28: 258 | BY28: 525 | BZ28: 1049 | CA28: 1061 | CB28: 2110 | CC28: 230 | CD28: 240 | CE28: 470 | CF28: 272 | CG28: 283 | CH28: 555 | CI28: 620 | CJ28: 603 | CK28: 1223 | CL28: 2290 | CM28: 2358 | CN28: 4648 | CO28: 90 | CP28: 79 | CQ28: 169 | CR28: 121 | CS28: 80 | CT28: 201 | CU28: 733 | CV28: 690 | CW28: 1423 | CX28: 1715 | CY28: 1709 | CZ28: 3424 | DA28: 1358 | DB28: 1364 | DC28: 2722 | DD28: 1316 | DE28: 1319 | DF28: 2635 | DG28: 1285 | DH28: 1326 | DI28: 2611 | DJ28: 1520 | DK28: 1650 | DL28: 3170 | DM28: 116 | DN28: 116 | DO28: 232 | DP28: 235 | DQ28: 324 | DR28: 559
A29: 501603002 | B29: Awitan | C29: 1810 | D29: 1810 | E29: 437 | F29: 872 | G29: 938 | H29: 1810 | I29: 22 | J29: 30 | K29: 52 | L29: 5 | M29: 8 | N29: 13 | O29: 1 | P29: 3 | Q29: 4 | R29: 12 | S29: 18 | T29: 30 | U29: 9 | V29: 13 | W29: 22 | X29: 18 | Y29: 25 | Z29: 43 | AA29: 11 | AB29: 15 | AC29: 26 | AD29: 23 | AE29: 33 | AF29: 56 | AG29: 18 | AH29: 28 | AI29: 46 | AJ29: 26 | AK29: 41 | AL29: 67 | AM29: 18 | AN29: 31 | AO29: 49 | AP29: 16 | AQ29: 29 | AR29: 45 | AS29: 14 | AT29: 23 | AU29: 37 | AV29: 16 | AW29: 23 | AX29: 39 | AY29: 77 | AZ29: 79 | BA29: 156 | BB29: 71 | BC29: 72 | BD29: 143 | BE29: 66 | BF29: 64 | BG29: 130 | BH29: 102 | BI29: 111 | BJ29: 213 | BK29: 145 | BL29: 153 | BM29: 298 | BN29: 125 | BO29: 114 | BP29: 239 | BQ29: 103 | BR29: 94 | BS29: 197 | BT29: 186 | BU29: 185 | BV29: 371 | BW29: 83 | BX29: 91 | BY29: 174 | BZ29: 344 | CA29: 372 | CB29: 716 | CC29: 88 | CD29: 94 | CE29: 182 | CF29: 105 | CG29: 125 | CH29: 230 | CI29: 255 | CJ29: 263 | CK29: 518 | CL29: 784 | CM29: 844 | CN29: 1628 | CO29: 39 | CP29: 46 | CQ29: 85 | CR29: 43 | CS29: 32 | CT29: 75 | CU29: 293 | CV29: 299 | CW29: 592 | CX29: 573 | CY29: 600 | CZ29: 1173 | DA29: 444 | DB29: 483 | DC29: 927 | DD29: 427 | DE29: 463 | DF29: 890 | DG29: 430 | DH29: 457 | DI29: 887 | DJ29: 496 | DK29: 548 | DL29: 1044 | DM29: 27 | DN29: 34 | DO29: 61 | DP29: 66 | DQ29: 91 | DR29: 157
A30: 501603005 | B30: Borabod | C30: 4499 | D30: 4486 | E30: 1025 | F30: 2308 | G30: 2191 | H30: 4499 | I30: 58 | J30: 50 | K30: 108 | L30: 15 | M30: 12 | N30: 27 | O30: 5 | P30: 4 | Q30: 9 | R30: 34 | S30: 29 | T30: 63 | U30: 25 | V30: 20 | W30: 45 | X30: 49 | Y30: 41 | Z30: 90 | AA30: 29 | AB30: 25 | AC30: 54 | AD30: 63 | AE30: 54 | AF30: 117 | AG30: 54 | AH30: 54 | AI30: 108 | AJ30: 79 | AK30: 84 | AL30: 163 | AM30: 60 | AN30: 67 | AO30: 127 | AP30: 55 | AQ30: 63 | AR30: 118 | AS30: 45 | AT30: 55 | AU30: 100 | AV30: 49 | AW30: 59 | AX30: 108 | AY30: 235 | AZ30: 196 | BA30: 431 | BB30: 221 | BC30: 183 | BD30: 404 | BE30: 206 | BF30: 171 | BG30: 377 | BH30: 232 | BI30: 219 | BJ30: 451 | BK30: 332 | BL30: 286 | BM30: 618 | BN30: 281 | BO30: 229 | BP30: 510 | BQ30: 242 | BR30: 189 | BS30: 431 | BT30: 500 | BU30: 410 | BV30: 910 | BW30: 258 | BX30: 221 | BY30: 479 | BZ30: 902 | CA30: 868 | CB30: 1770 | CC30: 264 | CD30: 221 | CE30: 485 | CF30: 316 | CG30: 252 | CH30: 568 | CI30: 648 | CJ30: 547 | CK30: 1195 | CL30: 2044 | CM30: 1970 | CN30: 4014 | CO30: 110 | CP30: 80 | CQ30: 190 | CR30: 100 | CS30: 82 | CT30: 182 | CU30: 738 | CV30: 629 | CW30: 1367 | CX30: 1500 | CY30: 1404 | CZ30: 2904 | DA30: 1202 | DB30: 1129 | DC30: 2331 | DD30: 1160 | DE30: 1089 | DF30: 2249 | DG30: 1100 | DH30: 1061 | DI30: 2161 | DJ30: 1312 | DK30: 1341 | DL30: 2653 | DM30: 102 | DN30: 106 | DO30: 208 | DP30: 212 | DQ30: 280 | DR30: 492
A31: 501603013 | B31: Gahonon | C31: 3850 | D31: 3843 | E31: 881 | F31: 1887 | G31: 1963 | H31: 3850 | I31: 31 | J31: 29 | K31: 60 | L31: 7 | M31: 8 | N31: 15 | O31: 2 | P31: 3 | Q31: 5 | R31: 18 | S31: 17 | T31: 35 | U31: 12 | V31: 13 | W31: 25 | X31: 25 | Y31: 25 | Z31: 50 | AA31: 15 | AB31: 15 | AC31: 30 | AD31: 33 | AE31: 33 | AF31: 66 | AG31: 31 | AH31: 35 | AI31: 66 | AJ31: 48 | AK31: 54 | AL31: 102 | AM31: 38 | AN31: 44 | AO31: 82 | AP31: 35 | AQ31: 42 | AR31: 77 | AS31: 31 | AT31: 35 | AU31: 66 | AV31: 34 | AW31: 39 | AX31: 73 | AY31: 151 | AZ31: 184 | BA31: 335 | BB31: 143 | BC31: 177 | BD31: 320 | BE31: 136 | BF31: 169 | BG31: 305 | BH31: 218 | BI31: 199 | BJ31: 417 | BK31: 316 | BL31: 273 | BM31: 589 | BN31: 234 | BO31: 247 | BP31: 481 | BQ31: 197 | BR31: 197 | BS31: 394 | BT31: 386 | BU31: 377 | BV31: 763 | BW31: 189 | BX31: 180 | BY31: 369 | BZ31: 777 | CA31: 808 | CB31: 1585 | CC31: 167 | CD31: 198 | CE31: 365 | CF31: 211 | CG31: 232 | CH31: 443 | CI31: 513 | CJ31: 518 | CK31: 1031 | CL31: 1720 | CM31: 1765 | CN31: 3485 | CO31: 90 | CP31: 67 | CQ31: 157 | CR31: 65 | CS31: 87 | CT31: 152 | CU31: 582 | CV31: 594 | CW31: 1176 | CX31: 1214 | CY31: 1254 | CZ31: 2468 | DA31: 1000 | DB31: 1024 | DC31: 2024 | DD31: 966 | DE31: 988 | DF31: 1954 | DG31: 926 | DH31: 951 | DI31: 1877 | DJ31: 1116 | DK31: 1189 | DL31: 2305 | DM31: 79 | DN31: 82 | DO31: 161 | DP31: 190 | DQ31: 238 | DR31: 428
A32: 501603015 | B32: Lag-On | C32: 6636 | D32: 6635 | E32: 1547 | F32: 3228 | G32: 3408 | H32: 6636 | I32: 50 | J32: 44 | K32: 94 | L32: 12 | M32: 11 | N32: 23 | O32: 4 | P32: 4 | Q32: 8 | R32: 29 | S32: 26 | T32: 55 | U32: 20 | V32: 19 | W32: 39 | X32: 41 | Y32: 37 | Z32: 78 | AA32: 25 | AB32: 22 | AC32: 47 | AD32: 54 | AE32: 49 | AF32: 103 | AG32: 51 | AH32: 49 | AI32: 100 | AJ32: 77 | AK32: 76 | AL32: 153 | AM32: 60 | AN32: 62 | AO32: 122 | AP32: 56 | AQ32: 58 | AR32: 114 | AS32: 48 | AT32: 49 | AU32: 97 | AV32: 54 | AW32: 54 | AX32: 108 | AY32: 258 | AZ32: 262 | BA32: 520 | BB32: 245 | BC32: 251 | BD32: 496 | BE32: 233 | BF32: 240 | BG32: 473 | BH32: 314 | BI32: 291 | BJ32: 605 | BK32: 461 | BL32: 435 | BM32: 896 | BN32: 404 | BO32: 395 | BP32: 799 | BQ32: 338 | BR32: 343 | BS32: 681 | BT32: 707 | BU32: 704 | BV32: 1411 | BW32: 369 | BX32: 361 | BY32: 730 | BZ32: 1358 | CA32: 1414 | CB32: 2772 | CC32: 283 | CD32: 284 | CE32: 567 | CF32: 337 | CG32: 355 | CH32: 692 | CI32: 803 | CJ32: 776 | CK32: 1579 | CL32: 2945 | CM32: 3124 | CN32: 6069 | CO32: 121 | CP32: 130 | CQ32: 251 | CR32: 132 | CS32: 124 | CT32: 256 | CU32: 935 | CV32: 918 | CW32: 1853 | CX32: 2231 | CY32: 2323 | CZ32: 4554 | DA32: 1786 | DB32: 1850 | DC32: 3636 | DD32: 1727 | DE32: 1775 | DF32: 3502 | DG32: 1671 | DH32: 1763 | DI32: 3434 | DJ32: 1924 | DK32: 2129 | DL32: 4053 | DM32: 128 | DN32: 145 | DO32: 273 | DP32: 253 | DQ32: 366 | DR32: 619

Sheet M2_8PAA_Pamorangon
D1: FHSIS REPORT for the Month | H1: OCTOBER | K1: Year | L1: 2025 | U1: M2
D2: Name of Health Facility | H2: PAMORANGON BARANGAY HEALTH STATION
D3: Name of Barangay | H3: PAMORANGON
D4: Name of Municipality/City | H4: DAET
D5: Name of Province | H5: CAMARINES NORTE
D6: Projected Population of the Year | H6: 3638
D7: For submission to the next administrative level
A8: SECTION A. CHILD CARE AND SERVICES
A9: Indicators | B9: Sex | E9: Remarks | L9: Indicators | Q9: Sex | T9: Remarks
B10: Male | C10: Female | D10: Total | Q10: Male | R10: Female | S10: Total
A11: IMMUNIZATION
A12: A.1. Immunization Services
A13: 1. Children protected at birth (CPAB) | B13: ='ST_Child, OHC, NCD, & Infectiou'!C9 -> 22 | C13: ='ST_Child, OHC, NCD, & Infectiou'!D9 -> 20 | D13: =SUM(B13:C13) -> 42 | L13: 4. Hep B antigen within 24 hrs after birth | Q13: ='ST_Child, OHC, NCD, & Infectiou'!C12 -> 15 | R13: ='ST_Child, OHC, NCD, & Infectiou'!D12 -> 15 | S13: =SUM(Q13:R13) -> 30
A14: 2. BCG (within 0-28 days) | B14: ='ST_Child, OHC, NCD, & Infectiou'!C10 -> 15 | C14: ='ST_Child, OHC, NCD, & Infectiou'!D10 -> 16 | D14: =SUM(B14:C14) -> 31 | L14: 5. Hep B antigen more than 24 hrs up to 14 days | Q14: ='ST_Child, OHC, NCD, & Infectiou'!C13 -> 14 | R14: ='ST_Child, OHC, NCD, & Infectiou'!D13 -> 6 | S14: =SUM(Q14:R14) -> 20
A15: 3. BCG (29 days to 1 year old) | B15: ='ST_Child, OHC, NCD, & Infectiou'!C11 -> 0 | C15: ='ST_Child, OHC, NCD, & Infectiou'!D11 -> 0 | D15: =SUM(B15:C15) -> 0
A16: A.2. Immunization Services (0-12 months old)
A17: 1. DPT-HiB-HepB 1 | B17: ='ST_Child, OHC, NCD, & Infectiou'!C15 -> 30 | C17: ='ST_Child, OHC, NCD, & Infectiou'!D15 -> 21 | D17: =SUM(B17:C17) -> 51 | L17: 8. IPV 2 | Q17: ='ST_Child, OHC, NCD, & Infectiou'!C22 -> 24 | R17: ='ST_Child, OHC, NCD, & Infectiou'!D22 -> 12 | S17: =SUM(Q17:R17) -> 36
A18: 2. DPT-HiB-HepB 2 | B18: ='ST_Child, OHC, NCD, & Infectiou'!C16 -> 31 | C18: ='ST_Child, OHC, NCD, & Infectiou'!D16 -> 18 | D18: =SUM(B18:C18) -> 49 | L18: 9. PCV 1 | Q18: ='ST_Child, OHC, NCD, & Infectiou'!C23 -> 30 | R18: ='ST_Child, OHC, NCD, & Infectiou'!D23 -> 22 | S18: =SUM(Q18:R18) -> 52
A19: 3. DPT-HiB-HepB 3 | B19: ='ST_Child, OHC, NCD, & Infectiou'!C17 -> 29 | C19: ='ST_Child, OHC, NCD, & Infectiou'!D17 -> 22 | D19: =SUM(B19:C19) -> 51 | L19: 10. PCV 2 | Q19: ='ST_Child, OHC, NCD, & Infectiou'!C24 -> 33 | R19: ='ST_Child, OHC, NCD, & Infectiou'!D24 -> 18 | S19: =SUM(Q19:R19) -> 51
A20: 4. OPV 1 | B20: ='ST_Child, OHC, NCD, & Infectiou'!C18 -> 7 | C20: ='ST_Child, OHC, NCD, & Infectiou'!D18 -> 2 | D20: =SUM(B20:C20) -> 9 | L20: 11. PCV 3 | Q20: ='ST_Child, OHC, NCD, & Infectiou'!C25 -> 35 | R20: ='ST_Child, OHC, NCD, & Infectiou'!D25 -> 18 | S20: =SUM(Q20:R20) -> 53
A21: 5. OPV 2 | B21: ='ST_Child, OHC, NCD, & Infectiou'!C19 -> 6 | C21: ='ST_Child, OHC, NCD, & Infectiou'!D19 -> 2 | D21: =SUM(B21:C21) -> 8 | L21: 12. MMR 1 | Q21: ='ST_Child, OHC, NCD, & Infectiou'!C26 -> 26 | R21: ='ST_Child, OHC, NCD, & Infectiou'!D26 -> 11 | S21: =SUM(Q21:R21) -> 37
A22: 6. OPV 3 | B22: ='ST_Child, OHC, NCD, & Infectiou'!C20 -> 4 | C22: ='ST_Child, OHC, NCD, & Infectiou'!D20 -> 2 | D22: =SUM(B22:C22) -> 6 | L22: 13. MMR 2 | Q22: ='ST_Child, OHC, NCD, & Infectiou'!C27 -> 26 | R22: ='ST_Child, OHC, NCD, & Infectiou'!D27 -> 13 | S22: =SUM(Q22:R22) -> 39
A23: 7. IPV 1 | B23: ='ST_Child, OHC, NCD, & Infectiou'!C21 -> 29 | C23: ='ST_Child, OHC, NCD, & Infectiou'!D21 -> 16 | D23: =SUM(B23:C23) -> 45 | L23: 14. FIC | Q23: ='ST_Child, OHC, NCD, & Infectiou'!C28 -> 26 | R23: ='ST_Child, OHC, NCD, & Infectiou'!D28 -> 11 | S23: =SUM(Q23:R23) -> 37
A24: A.3. Immunization Services (13-23 months old)
A25: 1. DPT-HiB-HepB 1 | B25: ='ST_Child, OHC, NCD, & Infectiou'!C30 -> 0 | C25: ='ST_Child, OHC, NCD, & Infectiou'!D30 -> 1 | D25: =SUM(B25:C25) -> 1 | L25: 8. IPV 2 | Q25: ='ST_Child, OHC, NCD, & Infectiou'!C37 -> 0 | R25: ='ST_Child, OHC, NCD, & Infectiou'!D37 -> 0 | S25: =SUM(Q25:R25) -> 0
A26: 2. DPT-HiB-HepB 2 | B26: ='ST_Child, OHC, NCD, & Infectiou'!C31 -> 0 | C26: ='ST_Child, OHC, NCD, & Infectiou'!D31 -> 0 | D26: =SUM(B26:C26) -> 0 | L26: 9. PCV 1 | Q26: ='ST_Child, OHC, NCD, & Infectiou'!C38 -> 0 | R26: ='ST_Child, OHC, NCD, & Infectiou'!D38 -> 1 | S26: =SUM(Q26:R26) -> 1
A27: 3. DPT-HiB-HepB 3 | B27: ='ST_Child, OHC, NCD, & Infectiou'!C32 -> 0 | C27: ='ST_Child, OHC, NCD, & Infectiou'!D32 -> 0 | D27: =SUM(B27:C27) -> 0 | L27: 10. PCV 2 | Q27: ='ST_Child, OHC, NCD, & Infectiou'!C39 -> 0 | R27: ='ST_Child, OHC, NCD, & Infectiou'!D39 -> 0 | S27: =SUM(Q27:R27) -> 0
A28: 4. OPV 1 | B28: ='ST_Child, OHC, NCD, & Infectiou'!C33 -> 0 | C28: ='ST_Child, OHC, NCD, & Infectiou'!D33 -> 0 | D28: =SUM(B28:C28) -> 0 | L28: 11. PCV 3 | Q28: ='ST_Child, OHC, NCD, & Infectiou'!C40 -> 0 | R28: ='ST_Child, OHC, NCD, & Infectiou'!D40 -> 0 | S28: =SUM(Q28:R28) -> 0
A29: 5. OPV 2 | B29: ='ST_Child, OHC, NCD, & Infectiou'!C34 -> 0 | C29: ='ST_Child, OHC, NCD, & Infectiou'!D34 -> 0 | D29: =SUM(B29:C29) -> 0 | L29: 12. MMR 1 | Q29: ='ST_Child, OHC, NCD, & Infectiou'!C41 -> 0 | R29: ='ST_Child, OHC, NCD, & Infectiou'!D41 -> 0 | S29: =SUM(Q29:R29) -> 0
A30: 6. OPV 3 | B30: ='ST_Child, OHC, NCD, & Infectiou'!C35 -> 0 | C30: ='ST_Child, OHC, NCD, & Infectiou'!D35 -> 0 | D30: =SUM(B30:C30) -> 0 | L30: 13. MMR 2 | Q30: ='ST_Child, OHC, NCD, & Infectiou'!C42 -> 2 | R30: ='ST_Child, OHC, NCD, & Infectiou'!D42 -> 1 | S30: =SUM(Q30:R30) -> 3
A31: 7. IPV 1 | B31: ='ST_Child, OHC, NCD, & Infectiou'!C36 -> 0 | C31: ='ST_Child, OHC, NCD, & Infectiou'!D36 -> 0 | D31: =SUM(B31:C31) -> 0 | L31: 14. CIC | Q31: ='ST_Child, OHC, NCD, & Infectiou'!C43 -> 2 | R31: ='ST_Child, OHC, NCD, & Infectiou'!D43 -> 1 | S31: =SUM(Q31:R31) -> 3
A32: A.4. School-Based Immunization
A33: 1. HPV 1st dose (9 years old Female only) | C33: ='ST_Child, OHC, NCD, & Infectiou'!E45 -> 20 | D33: =SUM(B33:C33) -> 20 | L33: 4. Grade 1 learners given MR | Q33: ='ST_Child, OHC, NCD, & Infectiou'!C48 -> 22 | R33: ='ST_Child, OHC, NCD, & Infectiou'!D48 -> 30 | S33: =SUM(Q33:R33) -> 52
A34: 2. HPV 2nd dose (9 years old Female only) | C34: ='ST_Child, OHC, NCD, & Infectiou'!E46 -> 0 | D34: =SUM(B34:C34) -> 0 | L34: 5. Grade 7 learners given Td | Q34: ='ST_Child, OHC, NCD, & Infectiou'!C49 -> 0 | R34: ='ST_Child, OHC, NCD, & Infectiou'!D49 -> 0 | S34: =SUM(Q34:R34) -> 0
A35: 3. Grade 1 learners given Td | B35: ='ST_Child, OHC, NCD, & Infectiou'!C47 -> 22 | C35: ='ST_Child, OHC, NCD, & Infectiou'!D47 -> 30 | D35: =SUM(B35:C35) -> 52 | L35: 6. Grade 7 learners given MR | Q35: ='ST_Child, OHC, NCD, & Infectiou'!C50 -> 0 | R35: ='ST_Child, OHC, NCD, & Infectiou'!D50 -> 0 | S35: =SUM(Q35:R35) -> 0
A36: SECTION B. NON-COMMUNICABLE DISEASES
A37: Indicators | B37: Sex | D37: Total | E37: Remarks | L37: Indicators | P37: Sex | R37: Total | S37: Remarks
B38: Male | C38: Female | P38: Male | Q38: Female
A39: B1. Lifestyle Related
A40: 1. Adults 20-59 years old who were risk assessed using the PhilPEN protocol | B40: ='ST_Child, OHC, NCD, & Infectiou'!C142 -> 466 | C40: ='ST_Child, OHC, NCD, & Infectiou'!D142 -> 652 | D40: =SUM(B40:C40) -> 1118 | L40: 2. Senior Citizens 60 years old and above who were risk assessed using the PhilPEN protocol | P40: ='ST_Child, OHC, NCD, & Infectiou'!C149 -> 193 | Q40: ='ST_Child, OHC, NCD, & Infectiou'!D149 -> 336 | R40: =SUM(P40:Q40) -> 529
A41: 1a. With history of smoking | B41: ='ST_Child, OHC, NCD, & Infectiou'!C143 -> 78 | C41: ='ST_Child, OHC, NCD, & Infectiou'!D143 -> 21 | D41: =SUM(B41:C41) -> 99 | L41: 2a. With history of smoking | P41: ='ST_Child, OHC, NCD, & Infectiou'!C150 -> 21 | Q41: ='ST_Child, OHC, NCD, & Infectiou'!D150 -> 1 | R41: =SUM(P41:Q41) -> 22
A42: 1b. Binge Drinker | B42: ='ST_Child, OHC, NCD, & Infectiou'!C144 -> 38 | C42: ='ST_Child, OHC, NCD, & Infectiou'!D144 -> 10 | D42: =SUM(B42:C42) -> 48 | L42: 2b. Binge Drinker | P42: ='ST_Child, OHC, NCD, & Infectiou'!C151 -> 13 | Q42: ='ST_Child, OHC, NCD, & Infectiou'!D151 -> 1 | R42: =SUM(P42:Q42) -> 14
A43: 1c. Insufficient physical activities | B43: ='ST_Child, OHC, NCD, & Infectiou'!C145 -> 286 | C43: ='ST_Child, OHC, NCD, & Infectiou'!D145 -> 381 | D43: =SUM(B43:C43) -> 667 | L43: 2c. Insufficient physical activities | P43: ='ST_Child, OHC, NCD, & Infectiou'!C152 -> 87 | Q43: ='ST_Child, OHC, NCD, & Infectiou'!D152 -> 171 | R43: =SUM(P43:Q43) -> 258
A44: 1d. Consumed unhealthy diet | B44: ='ST_Child, OHC, NCD, & Infectiou'!C146 -> 207 | C44: ='ST_Child, OHC, NCD, & Infectiou'!D146 -> 298 | D44: =SUM(B44:C44) -> 505 | L44: 2d. Consumed unhealthy diet | P44: ='ST_Child, OHC, NCD, & Infectiou'!C153 -> 66 | Q44: ='ST_Child, OHC, NCD, & Infectiou'!D153 -> 103 | R44: =SUM(P44:Q44) -> 169
A45: 1e. Overweight | B45: ='ST_Child, OHC, NCD, & Infectiou'!C147 -> 140 | C45: ='ST_Child, OHC, NCD, & Infectiou'!D147 -> 245 | D45: =SUM(B45:C45) -> 385 | L45: 2e. Overweight | P45: ='ST_Child, OHC, NCD, & Infectiou'!C154 -> 69 | Q45: ='ST_Child, OHC, NCD, & Infectiou'!D154 -> 153 | R45: =SUM(P45:Q45) -> 222
A46: 1f. Obese | B46: ='ST_Child, OHC, NCD, & Infectiou'!C148 -> 31 | C46: ='ST_Child, OHC, NCD, & Infectiou'!D148 -> 57 | D46: =SUM(B46:C46) -> 88 | L46: 2f. Obese | P46: ='ST_Child, OHC, NCD, & Infectiou'!C155 -> 21 | Q46: ='ST_Child, OHC, NCD, & Infectiou'!D155 -> 38 | R46: =SUM(P46:Q46) -> 59
A47: B2. Cardiovascular Disease Prevention and Control | L47: B3. Diabetes Mellitus Prevention and Control
A48: 1. Adults 20-59 years old who were identified as hypertensive using the PhilPEN protocol | B48: ='ST_Child, OHC, NCD, & Infectiou'!C157 -> 4 | C48: ='ST_Child, OHC, NCD, & Infectiou'!D157 -> 7 | D48: =SUM(B48:C48) -> 11 | L48: 1. Adults 20-59 years old who were identified with Type II Diabetes using the PhilPEN protocol | P48: ='ST_Child, OHC, NCD, & Infectiou'!C166 -> 1 | Q48: ='ST_Child, OHC, NCD, & Infectiou'!D166 -> 1 | R48: =SUM(P48:Q48) -> 2
A49: 2. Hypertensives 20-59 years old provided with antihypertensive medications | B49: =SUM(B50:B51) -> 3 | C49: =SUM(C50:C51) -> 9 | D49: =SUM(B49:C49) -> 12 | L49: 2. Type II Diabetics 20-59 years old provided with antidiabetic medications | P49: =SUM(P50:P51) -> 1 | Q49: =SUM(Q50:Q51) -> 1 | R49: =SUM(P49:Q49) -> 2
A50: 2a. Provided by facility (100%) | B50: ='ST_Child, OHC, NCD, & Infectiou'!C159 -> 3 | C50: ='ST_Child, OHC, NCD, & Infectiou'!D159 -> 9 | D50: =SUM(B50:C50) -> 12 | L50: 2a. Provided by facility (100%) | P50: ='ST_Child, OHC, NCD, & Infectiou'!C168 -> 0 | Q50: ='ST_Child, OHC, NCD, & Infectiou'!D168 -> 0 | R50: =SUM(P50:Q50) -> 0
A51: 2b. Out of pocket | B51: ='ST_Child, OHC, NCD, & Infectiou'!C160 -> 0 | C51: ='ST_Child, OHC, NCD, & Infectiou'!D160 -> 0 | D51: =SUM(B51:C51) -> 0 | L51: 2b. Out of pocket | P51: ='ST_Child, OHC, NCD, & Infectiou'!C169 -> 1 | Q51: ='ST_Child, OHC, NCD, & Infectiou'!D169 -> 1 | R51: =SUM(P51:Q51) -> 2
A52: 3. Senior Citizens 60 years old and above who were identified as hypertensive using the PhilPEN protocol | B52: ='ST_Child, OHC, NCD, & Infectiou'!C161 -> 9 | C52: ='ST_Child, OHC, NCD, & Infectiou'!D161 -> 20 | D52: =SUM(B52:C52) -> 29 | L52: 3. Senior Citizens 60 years old and above who were identified with Type II Diabetes using the PhilPEN protocol | P52: ='ST_Child, OHC, NCD, & Infectiou'!C170 -> 0 | Q52: ='ST_Child, OHC, NCD, & Infectiou'!D170 -> 0 | R52: =SUM(P52:Q52) -> 0
A53: 4. Hypertensives 60 years old and above provided with antihypertensive medications | B53: =SUM(B54:B55) -> 9 | C53: =SUM(C54:C55) -> 18 | D53: =SUM(B53:C53) -> 27 | L53: 4. Type II Diabetics 60 years old and above provided with antidiabetic medications | P53: =SUM(P54:P55) -> 0 | Q53: =SUM(Q54:Q55) -> 0 | R53: =SUM(P53:Q53) -> 0
A54: 4a. Provided by facility (100%) | B54: ='ST_Child, OHC, NCD, & Infectiou'!C163 -> 7 | C54: ='ST_Child, OHC, NCD, & Infectiou'!D163 -> 13 | D54: =SUM(B54:C54) -> 20 | L54: 4a. Provided by facility (100%) | P54: ='ST_Child, OHC, NCD, & Infectiou'!C172 -> 0 | Q54: ='ST_Child, OHC, NCD, & Infectiou'!D172 -> 0 | R54: =SUM(P54:Q54) -> 0
A55: 4b. Out of pocket | B55: ='ST_Child, OHC, NCD, & Infectiou'!C164 -> 2 | C55: ='ST_Child, OHC, NCD, & Infectiou'!D164 -> 5 | D55: =SUM(B55:C55) -> 7 | L55: 4b. Out of pocket | P55: ='ST_Child, OHC, NCD, & Infectiou'!C173 -> 0 | Q55: ='ST_Child, OHC, NCD, & Infectiou'!D173 -> 0 | R55: =SUM(P55:Q55) -> 0
A56: SECTION C. VITAL STATISTICS
A57: Indicators | B57: Age Group | F57: Remarks | L57: Indicators | Q57: Sex | T57: Remarks
B58: 45944 | C58: 15-19 | D58: 20-49 | E58: TOTAL | Q58: Male | R58: Female | S58: Total
A59: C1. Mortality | L59: C2. Natality
A60: 1. Maternal Mortality - Total | B60: =SUM(B61,B64) -> 0 | C60: =SUM(C61,C64) -> 0 | D60: =SUM(D61,D64) -> 0 | E60: =SUM(B60:D60) -> 0 | L60: 1. Live births | Q60: ='ST_FP, Maternal, Morta, & Nata_'!C206 -> 3 | R60: ='ST_FP, Maternal, Morta, & Nata_'!D206 -> 8 | S60: =SUM(Q60:R60) -> 11
A61: a. Direct | B61: =SUM(B62:B63) -> 0 | C61: =SUM(C62:C63) -> 0 | D61: =SUM(D62:D63) -> 0 | E61: =SUM(B61:D61) -> 0 | L61: 2. Adolescent Birth Rate (ABR) | Q61: =SUM(Q62:Q64) -> 0 | R61: =SUM(R62:R64) -> 0 | S61: =SUM(Q61:R61) -> 0 | T61: =S61/S60 -> 0
A62: a1. Resident | B62: ='ST_FP, Maternal, Morta, & Nata_'!C198 -> 0 | C62: ='ST_FP, Maternal, Morta, & Nata_'!D198 -> 0 | D62: ='ST_FP, Maternal, Morta, & Nata_'!E198 -> 0 | E62: =SUM(B62:D62) -> 0 | L62: a. <10 years old | Q62: ='ST_FP, Maternal, Morta, & Nata_'!C208 -> 0 | R62: ='ST_FP, Maternal, Morta, & Nata_'!D208 -> 0 | S62: =SUM(Q62:R62) -> 0 | T62: =S62/S60 -> 0
A63: a2. Non-Resident | B63: ='ST_FP, Maternal, Morta, & Nata_'!C199 -> 0 | C63: ='ST_FP, Maternal, Morta, & Nata_'!D199 -> 0 | D63: ='ST_FP, Maternal, Morta, & Nata_'!E199 -> 0 | E63: =SUM(B63:D63) -> 0 | L63: b. 10-14 years old | Q63: ='ST_FP, Maternal, Morta, & Nata_'!C209 -> 0 | R63: ='ST_FP, Maternal, Morta, & Nata_'!D209 -> 0 | S63: =SUM(Q63:R63) -> 0 | T63: =S63/S60 -> 0
A64: b. Indirect | B64: =SUM(B65:B66) -> 0 | C64: =SUM(C65:C66) -> 0 | D64: =SUM(D65:D66) -> 0 | E64: =SUM(B64:D64) -> 0 | L64: c. 15-19 years old | Q64: ='ST_FP, Maternal, Morta, & Nata_'!C210 -> 0 | R64: ='ST_FP, Maternal, Morta, & Nata_'!D210 -> 0 | S64: =SUM(Q64:R64) -> 0 | T64: =S64/S60 -> 0
A65: b1. Resident | B65: ='ST_FP, Maternal, Morta, & Nata_'!C201 -> 0 | C65: ='ST_FP, Maternal, Morta, & Nata_'!D201 -> 0 | D65: ='ST_FP, Maternal, Morta, & Nata_'!E201 -> 0 | E65: =SUM(B65:D65) -> 0
A66: b2. Non-Resident | B66: ='ST_FP, Maternal, Morta, & Nata_'!C202 -> 0 | C66: ='ST_FP, Maternal, Morta, & Nata_'!D202 -> 0 | D66: ='ST_FP, Maternal, Morta, & Nata_'!E202 -> 0 | E66: =SUM(B66:D66) -> 0
B67: Male | C67: Female | D67: Total | F67: Remarks
A68: 2. Infant Mortality Rate | B68: ='ST_FP, Maternal, Morta, & Nata_'!C204 -> 0 | C68: ='ST_FP, Maternal, Morta, & Nata_'!D204 -> 0 | D68: =SUM(B68:C68) -> 0
A71: Reported by: | H71: Validated by: | R71: Noted by:
A74: JEEWANI JOY P. GUY, RN | H74: BLANCH R. MAGISTRADO, RN | R74: NOEL P. DE LOS SANTOS, MD, FPSMSGI, FIAMS, MMPHA
A75: Nurse II - DOH NDP | H75: Nurse II - RHU I FHSIS Coordinator | R75: Rural Health Physician
A76: Date reported: ____________ | H76: Date validated: ____________ | R76: Date signed: ____________

Sheet M1_All Programs_Pamorangon
D1: FHSIS REPORT for the Month | H1: ANNUAL | K1: Year | L1: 2025 | U1: M1 BRGY
D2: Name of Health Facility | H2: PAMORANGON BARANGAY HEALTH STATION
D3: Name of Barangay | H3: PAMORANGON
D4: Name of Municipality/City | H4: DAET
D5: Name of Province | H5: CAMARINES NORTE
D6: Projected Population of the Year | H6: 3638
A8: SECTION A. FAMILY PLANNING SERVICES FOR WOMEN OF REPRODUCTIVE AGE
A9: Demand Satisfied | E9: Age Group | Q9: Total WRA 15-49 yrs old | U9: Remarks
E10: 10-14 yrs old | I10: 15-19 yrs old | M10: 20-49 yrs old
A11: 1. No. of women of reproductive age (WRA) 15-49 years old who have demand for Family Planning (FP) and currently using, or whose partner is currently using, any modern FP methods | E11: ='ST_FP, Maternal, Morta, & Nata_'!C7 -> 0 | I11: ='ST_FP, Maternal, Morta, & Nata_'!D7 -> 4 | M11: ='ST_FP, Maternal, Morta, & Nata_'!E7 -> 158 | Q11: 899
A12: Modern FP Methods | B12: Current Users (Beginning of the Month) | F12: Acceptors | N12: Drop-outs (Present Month) | R12: Current User (End of the Month) | V12: New Acceptors (Present Month)
F13: New Acceptors (Previous Month) | J13: Other Acceptors (Present Month)
B14: Age Group | E14: TOTAL | F14: Age Group | I14: TOTAL | J14: Age Group | M14: TOTAL | N14: Age Group | Q14: TOTAL | R14: Age Group | U14: TOTAL | V14: Age Group | Y14: TOTAL
B15: 10-14 | C15: 15-19 | D15: 20-49 | F15: 10-14 | G15: 15-19 | H15: 20-49 | J15: 10-14 | K15: 15-19 | L15: 20-49 | N15: 10-14 | O15: 15-19 | P15: 20-49 | R15: 10-14 | S15: 15-19 | T15: 20-49 | V15: 10-14 | W15: 15-19 | X15: 20-49
A16: 1. BTL | B16: ='ST_FP, Maternal, Morta, & Nata_'!C9 -> 0 | C16: ='ST_FP, Maternal, Morta, & Nata_'!D9 -> 0 | D16: ='ST_FP, Maternal, Morta, & Nata_'!E9 -> 6 | E16: ='ST_FP, Maternal, Morta, & Nata_'!F9 -> 6 | F16: ='ST_FP, Maternal, Morta, & Nata_'!C28 -> 0 | G16: ='ST_FP, Maternal, Morta, & Nata_'!D28 -> 0 | H16: ='ST_FP, Maternal, Morta, & Nata_'!E28 -> 0 | I16: ='ST_FP, Maternal, Morta, & Nata_'!F28 -> 0 | J16: ='ST_FP, Maternal, Morta, & Nata_'!C47 -> 0 | K16: ='ST_FP, Maternal, Morta, & Nata_'!D47 -> 0 | L16: ='ST_FP, Maternal, Morta, & Nata_'!E47 -> 0 | M16: ='ST_FP, Maternal, Morta, & Nata_'!F47 -> 0 | N16: ='ST_FP, Maternal, Morta, & Nata_'!C66 -> 0 | O16: ='ST_FP, Maternal, Morta, & Nata_'!D66 -> 0 | P16: ='ST_FP, Maternal, Morta, & Nata_'!E66 -> 0 | Q16: ='ST_FP, Maternal, Morta, & Nata_'!F66 -> 0 | R16: ='ST_FP, Maternal, Morta, & Nata_'!C85 -> 0 | S16: ='ST_FP, Maternal, Morta, & Nata_'!D85 -> 0 | T16: ='ST_FP, Maternal, Morta, & Nata_'!E85 -> 6 | U16: ='ST_FP, Maternal, Morta, & Nata_'!F85 -> 6 | V16: ='ST_FP, Maternal, Morta, & Nata_'!C104 -> 0 | W16: ='ST_FP, Maternal, Morta, & Nata_'!D104 -> 0 | X16: ='ST_FP, Maternal, Morta, & Nata_'!E104 -> 0 | Y16: ='ST_FP, Maternal, Morta, & Nata_'!F104 -> 0
A17: 2. NSV | B17: ='ST_FP, Maternal, Morta, & Nata_'!C10 -> 0 | C17: ='ST_FP, Maternal, Morta, & Nata_'!D10 -> 0 | D17: ='ST_FP, Maternal, Morta, & Nata_'!E10 -> 0 | E17: ='ST_FP, Maternal, Morta, & Nata_'!F10 -> 0 | F17: ='ST_FP, Maternal, Morta, & Nata_'!C29 -> 0 | G17: ='ST_FP, Maternal, Morta, & Nata_'!D29 -> 0 | H17: ='ST_FP, Maternal, Morta, & Nata_'!E29 -> 0 | I17: ='ST_FP, Maternal, Morta, & Nata_'!F29 -> 0 | J17: ='ST_FP, Maternal, Morta, & Nata_'!C48 -> 0 | K17: ='ST_FP, Maternal, Morta, & Nata_'!D48 -> 0 | L17: ='ST_FP, Maternal, Morta, & Nata_'!E48 -> 0 | M17: ='ST_FP, Maternal, Morta, & Nata_'!F48 -> 0 | N17: ='ST_FP, Maternal, Morta, & Nata_'!C67 -> 0 | O17: ='ST_FP, Maternal, Morta, & Nata_'!D67 -> 0 | P17: ='ST_FP, Maternal, Morta, & Nata_'!E67 -> 0 | Q17: ='ST_FP, Maternal, Morta, & Nata_'!F67 -> 0 | R17: ='ST_FP, Maternal, Morta, & Nata_'!C86 -> 0 | S17: ='ST_FP, Maternal, Morta, & Nata_'!D86 -> 0 | T17: ='ST_FP, Maternal, Morta, & Nata_'!E86 -> 0 | U17: ='ST_FP, Maternal, Morta, & Nata_'!F86 -> 0 | V17: ='ST_FP, Maternal, Morta, & Nata_'!C105 -> 0 | W17: ='ST_FP, Maternal, Morta, & Nata_'!D105 -> 0 | X17: ='ST_FP, Maternal, Morta, & Nata_'!E105 -> 0 | Y17: ='ST_FP, Maternal, Morta, & Nata_'!F105 -> 0
A18: 3. Condom | B18: ='ST_FP, Maternal, Morta, & Nata_'!C11 -> 0 | C18: ='ST_FP, Maternal, Morta, & Nata_'!D11 -> 1 | D18: ='ST_FP, Maternal, Morta, & Nata_'!E11 -> 2 | E18: ='ST_FP, Maternal, Morta, & Nata_'!F11 -> 3 | F18: ='ST_FP, Maternal, Morta, & Nata_'!C30 -> 0 | G18: ='ST_FP, Maternal, Morta, & Nata_'!D30 -> 0 | H18: ='ST_FP, Maternal, Morta, & Nata_'!E30 -> 0 | I18: ='ST_FP, Maternal, Morta, & Nata_'!F30 -> 0 | J18: ='ST_FP, Maternal, Morta, & Nata_'!C49 -> 0 | K18: ='ST_FP, Maternal, Morta, & Nata_'!D49 -> 0 | L18: ='ST_FP, Maternal, Morta, & Nata_'!E49 -> 0 | M18: ='ST_FP, Maternal, Morta, & Nata_'!F49 -> 0 | N18: ='ST_FP, Maternal, Morta, & Nata_'!C68 -> 0 | O18: ='ST_FP, Maternal, Morta, & Nata_'!D68 -> 0 | P18: ='ST_FP, Maternal, Morta, & Nata_'!E68 -> 0 | Q18: ='ST_FP, Maternal, Morta, & Nata_'!F68 -> 0 | R18: ='ST_FP, Maternal, Morta, & Nata_'!C87 -> 0 | S18: ='ST_FP, Maternal, Morta, & Nata_'!D87 -> 1 | T18: ='ST_FP, Maternal, Morta, & Nata_'!E87 -> 2 | U18: ='ST_FP, Maternal, Morta, & Nata_'!F87 -> 3 | V18: ='ST_FP, Maternal, Morta, & Nata_'!C106 -> 0 | W18: ='ST_FP, Maternal, Morta, & Nata_'!D106 -> 0 | X18: ='ST_FP, Maternal, Morta, & Nata_'!E106 -> 0 | Y18: ='ST_FP, Maternal, Morta, & Nata_'!F106 -> 0
A19: 4. Pills | B19: ='ST_FP, Maternal, Morta, & Nata_'!C12 -> 0 | C19: ='ST_FP, Maternal, Morta, & Nata_'!D12 -> 1 | D19: ='ST_FP, Maternal, Morta, & Nata_'!E12 -> 135 | E19: ='ST_FP, Maternal, Morta, & Nata_'!F12 -> 136 | F19: ='ST_FP, Maternal, Morta, & Nata_'!C31 -> 0 | G19: ='ST_FP, Maternal, Morta, & Nata_'!D31 -> 0 | H19: ='ST_FP, Maternal, Morta, & Nata_'!E31 -> 0 | I19: ='ST_FP, Maternal, Morta, & Nata_'!F31 -> 0 | J19: ='ST_FP, Maternal, Morta, & Nata_'!C50 -> 0 | K19: ='ST_FP, Maternal, Morta, & Nata_'!D50 -> 0 | L19: ='ST_FP, Maternal, Morta, & Nata_'!E50 -> 2 | M19: ='ST_FP, Maternal, Morta, & Nata_'!F50 -> 2 | N19: ='ST_FP, Maternal, Morta, & Nata_'!C69 -> 0 | O19: ='ST_FP, Maternal, Morta, & Nata_'!D69 -> 0 | P19: ='ST_FP, Maternal, Morta, & Nata_'!E69 -> 16 | Q19: ='ST_FP, Maternal, Morta, & Nata_'!F69 -> 16 | R19: ='ST_FP, Maternal, Morta, & Nata_'!C88 -> 0 | S19: ='ST_FP, Maternal, Morta, & Nata_'!D88 -> 1 | T19: ='ST_FP, Maternal, Morta, & Nata_'!E88 -> 121 | U19: ='ST_FP, Maternal, Morta, & Nata_'!F88 -> 122 | V19: ='ST_FP, Maternal, Morta, & Nata_'!C107 -> 0 | W19: ='ST_FP, Maternal, Morta, & Nata_'!D107 -> 0 | X19: ='ST_FP, Maternal, Morta, & Nata_'!E107 -> 0 | Y19: ='ST_FP, Maternal, Morta, & Nata_'!F107 -> 0
A20: a. Pills-POP | B20: ='ST_FP, Maternal, Morta, & Nata_'!C13 -> 0 | C20: ='ST_FP, Maternal, Morta, & Nata_'!D13 -> 0 | D20: ='ST_FP, Maternal, Morta, & Nata_'!E13 -> 3 | E20: ='ST_FP, Maternal, Morta, & Nata_'!F13 -> 3 | F20: ='ST_FP, Maternal, Morta, & Nata_'!C32 -> 0 | G20: ='ST_FP, Maternal, Morta, & Nata_'!D32 -> 0 | H20: ='ST_FP, Maternal, Morta, & Nata_'!E32 -> 0 | I20: ='ST_FP, Maternal, Morta, & Nata_'!F32 -> 0 | J20: ='ST_FP, Maternal, Morta, & Nata_'!C51 -> 0 | K20: ='ST_FP, Maternal, Morta, & Nata_'!D51 -> 0 | L20: ='ST_FP, Maternal, Morta, & Nata_'!E51 -> 2 | M20: ='ST_FP, Maternal, Morta, & Nata_'!F51 -> 2 | N20: ='ST_FP, Maternal, Morta, & Nata_'!C70 -> 0 | O20: ='ST_FP, Maternal, Morta, & Nata_'!D70 -> 0 | P20: ='ST_FP, Maternal, Morta, & Nata_'!E70 -> 0 | Q20: ='ST_FP, Maternal, Morta, & Nata_'!F70 -> 0 | R20: ='ST_FP, Maternal, Morta, & Nata_'!C89 -> 0 | S20: ='ST_FP, Maternal, Morta, & Nata_'!D89 -> 0 | T20: ='ST_FP, Maternal, Morta, & Nata_'!E89 -> 5 | U20: ='ST_FP, Maternal, Morta, & Nata_'!F89 -> 5 | V20: ='ST_FP, Maternal, Morta, & Nata_'!C108 -> 0 | W20: ='ST_FP, Maternal, Morta, & Nata_'!D108 -> 0 | X20: ='ST_FP, Maternal, Morta, & Nata_'!E108 -> 0 | Y20: ='ST_FP, Maternal, Morta, & Nata_'!F108 -> 0
A21: b. Pills-COC | B21: ='ST_FP, Maternal, Morta, & Nata_'!C14 -> 0 | C21: ='ST_FP, Maternal, Morta, & Nata_'!D14 -> 1 | D21: ='ST_FP, Maternal, Morta, & Nata_'!E14 -> 132 | E21: ='ST_FP, Maternal, Morta, & Nata_'!F14 -> 133 | F21: ='ST_FP, Maternal, Morta, & Nata_'!C33 -> 0 | G21: ='ST_FP, Maternal, Morta, & Nata_'!D33 -> 0 | H21: ='ST_FP, Maternal, Morta, & Nata_'!E33 -> 0 | I21: ='ST_FP, Maternal, Morta, & Nata_'!F33 -> 0 | J21: ='ST_FP, Maternal, Morta, & Nata_'!C52 -> 0 | K21: ='ST_FP, Maternal, Morta, & Nata_'!D52 -> 0 | L21: ='ST_FP, Maternal, Morta, & Nata_'!E52 -> 0 | M21: ='ST_FP, Maternal, Morta, & Nata_'!F52 -> 0 | N21: ='ST_FP, Maternal, Morta, & Nata_'!C71 -> 0 | O21: ='ST_FP, Maternal, Morta, & Nata_'!D71 -> 0 | P21: ='ST_FP, Maternal, Morta, & Nata_'!E71 -> 16 | Q21: ='ST_FP, Maternal, Morta, & Nata_'!F71 -> 16 | R21: ='ST_FP, Maternal, Morta, & Nata_'!C90 -> 0 | S21: ='ST_FP, Maternal, Morta, & Nata_'!D90 -> 1 | T21: ='ST_FP, Maternal, Morta, & Nata_'!E90 -> 116 | U21: ='ST_FP, Maternal, Morta, & Nata_'!F90 -> 117 | V21: ='ST_FP, Maternal, Morta, & Nata_'!C109 -> 0 | W21: ='ST_FP, Maternal, Morta, & Nata_'!D109 -> 0 | X21: ='ST_FP, Maternal, Morta, & Nata_'!E109 -> 0 | Y21: ='ST_FP, Maternal, Morta, & Nata_'!F109 -> 0
A22: 5. Injectables (DMPA/POI) | B22: ='ST_FP, Maternal, Morta, & Nata_'!C15 -> 0 | C22: ='ST_FP, Maternal, Morta, & Nata_'!D15 -> 2 | D22: ='ST_FP, Maternal, Morta, & Nata_'!E15 -> 29 | E22: ='ST_FP, Maternal, Morta, & Nata_'!F15 -> 31 | F22: ='ST_FP, Maternal, Morta, & Nata_'!C34 -> 0 | G22: ='ST_FP, Maternal, Morta, & Nata_'!D34 -> 0 | H22: ='ST_FP, Maternal, Morta, & Nata_'!E34 -> 0 | I22: ='ST_FP, Maternal, Morta, & Nata_'!F34 -> 0 | J22: ='ST_FP, Maternal, Morta, & Nata_'!C53 -> 0 | K22: ='ST_FP, Maternal, Morta, & Nata_'!D53 -> 0 | L22: ='ST_FP, Maternal, Morta, & Nata_'!E53 -> 3 | M22: ='ST_FP, Maternal, Morta, & Nata_'!F53 -> 3 | N22: ='ST_FP, Maternal, Morta, & Nata_'!C72 -> 0 | O22: ='ST_FP, Maternal, Morta, & Nata_'!D72 -> 0 | P22: ='ST_FP, Maternal, Morta, & Nata_'!E72 -> 0 | Q22: ='ST_FP, Maternal, Morta, & Nata_'!F72 -> 0 | R22: ='ST_FP, Maternal, Morta, & Nata_'!C91 -> 0 | S22: ='ST_FP, Maternal, Morta, & Nata_'!D91 -> 2 | T22: ='ST_FP, Maternal, Morta, & Nata_'!E91 -> 32 | U22: ='ST_FP, Maternal, Morta, & Nata_'!F91 -> 34 | V22: ='ST_FP, Maternal, Morta, & Nata_'!C110 -> 0 | W22: ='ST_FP, Maternal, Morta, & Nata_'!D110 -> 0 | X22: ='ST_FP, Maternal, Morta, & Nata_'!E110 -> 0 | Y22: ='ST_FP, Maternal, Morta, & Nata_'!F110 -> 0
A23: 6. Implant | B23: ='ST_FP, Maternal, Morta, & Nata_'!C16 -> 0 | C23: ='ST_FP, Maternal, Morta, & Nata_'!D16 -> 0 | D23: ='ST_FP, Maternal, Morta, & Nata_'!E16 -> 0 | E23: ='ST_FP, Maternal, Morta, & Nata_'!F16 -> 0 | F23: ='ST_FP, Maternal, Morta, & Nata_'!C35 -> 0 | G23: ='ST_FP, Maternal, Morta, & Nata_'!D35 -> 0 | H23: ='ST_FP, Maternal, Morta, & Nata_'!E35 -> 0 | I23: ='ST_FP, Maternal, Morta, & Nata_'!F35 -> 0 | J23: ='ST_FP, Maternal, Morta, & Nata_'!C54 -> 0 | K23: ='ST_FP, Maternal, Morta, & Nata_'!D54 -> 0 | L23: ='ST_FP, Maternal, Morta, & Nata_'!E54 -> 3 | M23: ='ST_FP, Maternal, Morta, & Nata_'!F54 -> 3 | N23: ='ST_FP, Maternal, Morta, & Nata_'!C73 -> 0 | O23: ='ST_FP, Maternal, Morta, & Nata_'!D73 -> 0 | P23: ='ST_FP, Maternal, Morta, & Nata_'!E73 -> 0 | Q23: ='ST_FP, Maternal, Morta, & Nata_'!F73 -> 0 | R23: ='ST_FP, Maternal, Morta, & Nata_'!C92 -> 0 | S23: ='ST_FP, Maternal, Morta, & Nata_'!D92 -> 0 | T23: ='ST_FP, Maternal, Morta, & Nata_'!E92 -> 3 | U23: ='ST_FP, Maternal, Morta, & Nata_'!F92 -> 3 | V23: ='ST_FP, Maternal, Morta, & Nata_'!C111 -> 0 | W23: ='ST_FP, Maternal, Morta, & Nata_'!D111 -> 0 | X23: ='ST_FP, Maternal, Morta, & Nata_'!E111 -> 0 | Y23: ='ST_FP, Maternal, Morta, & Nata_'!F111 -> 0
A24: a. Implants-Interval | B24: ='ST_FP, Maternal, Morta, & Nata_'!C17 -> 0 | C24: ='ST_FP, Maternal, Morta, & Nata_'!D17 -> 0 | D24: ='ST_FP, Maternal, Morta, & Nata_'!E17 -> 0 | E24: ='ST_FP, Maternal, Morta, & Nata_'!F17 -> 0 | F24: ='ST_FP, Maternal, Morta, & Nata_'!C36 -> 0 | G24: ='ST_FP, Maternal, Morta, & Nata_'!D36 -> 0 | H24: ='ST_FP, Maternal, Morta, & Nata_'!E36 -> 0 | I24: ='ST_FP, Maternal, Morta, & Nata_'!F36 -> 0 | J24: ='ST_FP, Maternal, Morta, & Nata_'!C55 -> 0 | K24: ='ST_FP, Maternal, Morta, & Nata_'!D55 -> 0 | L24: ='ST_FP, Maternal, Morta, & Nata_'!E55 -> 2 | M24: ='ST_FP, Maternal, Morta, & Nata_'!F55 -> 2 | N24: ='ST_FP, Maternal, Morta, & Nata_'!C74 -> 0 | O24: ='ST_FP, Maternal, Morta, & Nata_'!D74 -> 0 | P24: ='ST_FP, Maternal, Morta, & Nata_'!E74 -> 0 | Q24: ='ST_FP, Maternal, Morta, & Nata_'!F74 -> 0 | R24: ='ST_FP, Maternal, Morta, & Nata_'!C93 -> 0 | S24: ='ST_FP, Maternal, Morta, & Nata_'!D93 -> 0 | T24: ='ST_FP, Maternal, Morta, & Nata_'!E93 -> 2 | U24: ='ST_FP, Maternal, Morta, & Nata_'!F93 -> 2 | V24: ='ST_FP, Maternal, Morta, & Nata_'!C112 -> 0 | W24: ='ST_FP, Maternal, Morta, & Nata_'!D112 -> 0 | X24: ='ST_FP, Maternal, Morta, & Nata_'!E112 -> 0 | Y24: ='ST_FP, Maternal, Morta, & Nata_'!F112 -> 0
A25: b. Implants-PP | B25: ='ST_FP, Maternal, Morta, & Nata_'!C18 -> 0 | C25: ='ST_FP, Maternal, Morta, & Nata_'!D18 -> 0 | D25: ='ST_FP, Maternal, Morta, & Nata_'!E18 -> 0 | E25: ='ST_FP, Maternal, Morta, & Nata_'!F18 -> 0 | F25: ='ST_FP, Maternal, Morta, & Nata_'!C37 -> 0 | G25: ='ST_FP, Maternal, Morta, & Nata_'!D37 -> 0 | H25: ='ST_FP, Maternal, Morta, & Nata_'!E37 -> 0 | I25: ='ST_FP, Maternal, Morta, & Nata_'!F37 -> 0 | J25: ='ST_FP, Maternal, Morta, & Nata_'!C56 -> 0 | K25: ='ST_FP, Maternal, Morta, & Nata_'!D56 -> 0 | L25: ='ST_FP, Maternal, Morta, & Nata_'!E56 -> 1 | M25: ='ST_FP, Maternal, Morta, & Nata_'!F56 -> 1 | N25: ='ST_FP, Maternal, Morta, & Nata_'!C75 -> 0 | O25: ='ST_FP, Maternal, Morta, & Nata_'!D75 -> 0 | P25: ='ST_FP, Maternal, Morta, & Nata_'!E75 -> 0 | Q25: ='ST_FP, Maternal, Morta, & Nata_'!F75 -> 0 | R25: ='ST_FP, Maternal, Morta, & Nata_'!C94 -> 0 | S25: ='ST_FP, Maternal, Morta, & Nata_'!D94 -> 0 | T25: ='ST_FP, Maternal, Morta, & Nata_'!E94 -> 1 | U25: ='ST_FP, Maternal, Morta, & Nata_'!F94 -> 1 | V25: ='ST_FP, Maternal, Morta, & Nata_'!C113 -> 0 | W25: ='ST_FP, Maternal, Morta, & Nata_'!D113 -> 0 | X25: ='ST_FP, Maternal, Morta, & Nata_'!E113 -> 0 | Y25: ='ST_FP, Maternal, Morta, & Nata_'!F113 -> 0
A26: 7. IUD | B26: ='ST_FP, Maternal, Morta, & Nata_'!C19 -> 0 | C26: ='ST_FP, Maternal, Morta, & Nata_'!D19 -> 0 | D26: ='ST_FP, Maternal, Morta, & Nata_'!E19 -> 0 | E26: ='ST_FP, Maternal, Morta, & Nata_'!F19 -> 0 | F26: ='ST_FP, Maternal, Morta, & Nata_'!C38 -> 0 | G26: ='ST_FP, Maternal, Morta, & Nata_'!D38 -> 0 | H26: ='ST_FP, Maternal, Morta, & Nata_'!E38 -> 0 | I26: ='ST_FP, Maternal, Morta, & Nata_'!F38 -> 0 | J26: ='ST_FP, Maternal, Morta, & Nata_'!C57 -> 0 | K26: ='ST_FP, Maternal, Morta, & Nata_'!D57 -> 0 | L26: ='ST_FP, Maternal, Morta, & Nata_'!E57 -> 0 | M26: ='ST_FP, Maternal, Morta, & Nata_'!F57 -> 0 | N26: ='ST_FP, Maternal, Morta, & Nata_'!C76 -> 0 | O26: ='ST_FP, Maternal, Morta, & Nata_'!D76 -> 0 | P26: ='ST_FP, Maternal, Morta, & Nata_'!E76 -> 0 | Q26: ='ST_FP, Maternal, Morta, & Nata_'!F76 -> 0 | R26: ='ST_FP, Maternal, Morta, & Nata_'!C95 -> 0 | S26: ='ST_FP, Maternal, Morta, & Nata_'!D95 -> 0 | T26: ='ST_FP, Maternal, Morta, & Nata_'!E95 -> 0 | U26: ='ST_FP, Maternal, Morta, & Nata_'!F95 -> 0 | V26: ='ST_FP, Maternal, Morta, & Nata_'!C114 -> 0 | W26: ='ST_FP, Maternal, Morta, & Nata_'!D114 -> 0 | X26: ='ST_FP, Maternal, Morta, & Nata_'!E114 -> 0 | Y26: ='ST_FP, Maternal, Morta, & Nata_'!F114 -> 0
A27: a. IUD-Interval | B27: ='ST_FP, Maternal, Morta, & Nata_'!C20 -> 0 | C27: ='ST_FP, Maternal, Morta, & Nata_'!D20 -> 0 | D27: ='ST_FP, Maternal, Morta, & Nata_'!E20 -> 0 | E27: ='ST_FP, Maternal, Morta, & Nata_'!F20 -> 0 | F27: ='ST_FP, Maternal, Morta, & Nata_'!C39 -> 0 | G27: ='ST_FP, Maternal, Morta, & Nata_'!D39 -> 0 | H27: ='ST_FP, Maternal, Morta, & Nata_'!E39 -> 0 | I27: ='ST_FP, Maternal, Morta, & Nata_'!F39 -> 0 | J27: ='ST_FP, Maternal, Morta, & Nata_'!C58 -> 0 | K27: ='ST_FP, Maternal, Morta, & Nata_'!D58 -> 0 | L27: ='ST_FP, Maternal, Morta, & Nata_'!E58 -> 0 | M27: ='ST_FP, Maternal, Morta, & Nata_'!F58 -> 0 | N27: ='ST_FP, Maternal, Morta, & Nata_'!C77 -> 0 | O27: ='ST_FP, Maternal, Morta, & Nata_'!D77 -> 0 | P27: ='ST_FP, Maternal, Morta, & Nata_'!E77 -> 0 | Q27: ='ST_FP, Maternal, Morta, & Nata_'!F77 -> 0 | R27: ='ST_FP, Maternal, Morta, & Nata_'!C96 -> 0 | S27: ='ST_FP, Maternal, Morta, & Nata_'!D96 -> 0 | T27: ='ST_FP, Maternal, Morta, & Nata_'!E96 -> 0 | U27: ='ST_FP, Maternal, Morta, & Nata_'!F96 -> 0 | V27: ='ST_FP, Maternal, Morta, & Nata_'!C115 -> 0 | W27: ='ST_FP, Maternal, Morta, & Nata_'!D115 -> 0 | X27: ='ST_FP, Maternal, Morta, & Nata_'!E115 -> 0 | Y27: ='ST_FP, Maternal, Morta, & Nata_'!F115 -> 0
... A33: 12. NFP-SDM | B33: ='ST_FP, Maternal, Morta, & Nata_'!C26 -> 0 | C33: ='ST_FP, Maternal, Morta, & Nata_'!D26 -> 0 | D33: ='ST_FP, Maternal, Morta, & Nata_'!E26 -> 0 | E33: ='ST_FP, Maternal, Morta, & Nata_'!F26 -> 0 | F33: ='ST_FP, Maternal, Morta, & Nata_'!C45 -> 0 | G33: ='ST_FP, Maternal, Morta, & Nata_'!D45 -> 0 | H33: ='ST_FP, Maternal, Morta, & Nata_'!E45 -> 0 | I33: ='ST_FP, Maternal, Morta, & Nata_'!F45 -> 0 | J33: ='ST_FP, Maternal, Morta, & Nata_'!C64 -> 0 | K33: ='ST_FP, Maternal, Morta, & Nata_'!D64 -> 0 | L33: ='ST_FP, Maternal, Morta, & Nata_'!E64 -> 0 | M33: ='ST_FP, Maternal, Morta, & Nata_'!F64 -> 0 | N33: ='ST_FP, Maternal, Morta, & Nata_'!C83 -> 0 | O33: ='ST_FP, Maternal, Morta, & Nata_'!D83 -> 0 | P33: ='ST_FP, Maternal, Morta, & Nata_'!E83 -> 0 | Q33: ='ST_FP, Maternal, Morta, & Nata_'!F83 -> 0 | R33: ='ST_FP, Maternal, Morta, & Nata_'!C102 -> 0 | S33: ='ST_FP, Maternal, Morta, & Nata_'!D102 -> 0 | T33: ='ST_FP, Maternal, Morta, & Nata_'!E102 -> 0 | U33: ='ST_FP, Maternal, Morta, & Nata_'!F102 -> 0 | V33: ='ST_FP, Maternal, Morta, & Nata_'!C121 -> 0 | W33: ='ST_FP, Maternal, Morta, & Nata_'!D121 -> 0 | X33: ='ST_FP, Maternal, Morta, & Nata_'!E121 -> 0 | Y33: ='ST_FP, Maternal, Morta, & Nata_'!F121 -> 0
A34: Total Current Users | B34: =SUM(B16,B17,B18,B19,B22,B23,B26,B29:B33) -> 0 | C34: =SUM(C16,C17,C18,C19,C22,C23,C26,C29:C33) -> 5 | D34: =SUM(D16,D17,D18,D19,D22,D23,D26,D29:D33) -> 186 | E34: =SUM(E16,E17,E18,E19,E22,E23,E26,E29:E33) -> 191 | F34: =SUM(F16,F17,F18,F19,F22,F23,F26,F29:F33) -> 0 | G34: =SUM(G16,G17,G18,G19,G22,G23,G26,G29:G33) -> 0 | H34: =SUM(H16,H17,H18,H19,H22,H23,H26,H29:H33) -> 4 | I34: =SUM(I16,I17,I18,I19,I22,I23,I26,I29:I33) -> 4 | ... Y34: =SUM(Y16,Y17,Y18,Y19,Y22,Y23,Y26,Y29:Y33) -> 5
A35: SECTION B. MATERNAL CARE AND SERVICES
A36: Indicators | B36: Age Group | E36: TOTAL | G36: Remarks | L36: Indicators | Q36: Age Group | T36: TOTAL | V36: Remarks
B37: 10-14 | C37: 15-19 | D37: 20-49 | Q37: 10-14 | R37: 15-19 | S37: 20-49
A38: PRENATAL CARE SERVICES
A39: 1a. Women who gave birth with at least 4 prenatal check-ups (for Q1 to Q3 2025 only) | B39: ='ST_FP, Maternal, Morta, & Nata_'!C127 -> 0 | C39: ='ST_FP, Maternal, Morta, & Nata_'!D127 -> 0 | D39: ='ST_FP, Maternal, Morta, & Nata_'!E127 -> 6 | E39: =SUM(B39:D39) -> 6 | L39: 3b. Number of Pregnant Women for the 2nd or more times given at least 3 doses of Td vaccination (Td2 Plus) | Q39: ='ST_FP, Maternal, Morta, & Nata_'!C142 -> 0 | R39: ='ST_FP, Maternal, Morta, & Nata_'!D142 -> 1 | S39: ='ST_FP, Maternal, Morta, & Nata_'!E142 -> 23 | T39: =SUM(Q39:S39) -> 24
A40: 1b. Total No. of Women who delivered and completed at least 8ANC =(a+b) | B40: =SUM(B41:B42) -> 0 | C40: =SUM(C41:C42) -> 0 | D40: =SUM(D41:D42) -> 4 | E40: =SUM(B40:D40) -> 4 | L40: 4. Number of pregnant women who completed the dose of iron with folic acid supplementation | Q40: ='ST_FP, Maternal, Morta, & Nata_'!C144 -> 0 | R40: ='ST_FP, Maternal, Morta, & Nata_'!D144 -> 2 | S40: ='ST_FP, Maternal, Morta, & Nata_'!E144 -> 30 | T40: =SUM(Q40:S40) -> 32
A41: a. No. of Women who delivered and Provided 1st to 8th ANC on schedule | B41: ='ST_FP, Maternal, Morta, & Nata_'!C130 -> 0 | C41: ='ST_FP, Maternal, Morta, & Nata_'!D130 -> 0 | D41: ='ST_FP, Maternal, Morta, & Nata_'!E130 -> 4 | E41: =SUM(B41:D41) -> 4 | L41: 5. No. of pregnant women who completed the dose Multiple Micronutrient Supplementation | Q41: ='ST_FP, Maternal, Morta, & Nata_'!C145 -> 0 | R41: ='ST_FP, Maternal, Morta, & Nata_'!D145 -> 0 | S41: ='ST_FP, Maternal, Morta, & Nata_'!E145 -> 3 | T41: =SUM(Q41:S41) -> 3
A42: b. No. of Women who delivered and completed at least 8ANC TRANS IN from other LGUs | B42: ='ST_FP, Maternal, Morta, & Nata_'!C131 -> 0 | C42: ='ST_FP, Maternal, Morta, & Nata_'!D131 -> 0 | D42: ='ST_FP, Maternal, Morta, & Nata_'!E131 -> 0 | E42: =SUM(B42:D42) -> 0 | L42: 6. No. of high-risk pregnant women who completed the dose of calcium carbonate | Q42: ='ST_FP, Maternal, Morta, & Nata_'!C146 -> 0 | R42: ='ST_FP, Maternal, Morta, & Nata_'!D146 -> 1 | S42: ='ST_FP, Maternal, Morta, & Nata_'!E146 -> 0 | T42: =SUM(Q42:S42) -> 1
A43: 1c. Total No. of Women who delivered and were tracked during pregnancy =(a+b)-c | B43: =SUM(B44:B45)-B46 -> 0 | C43: =SUM(C44:C45)-C46 -> 0 | D43: =SUM(D44:D45)-D46 -> 0 | E43: =SUM(B43:D43) -> 0 | L43: 7. No. of pregnant women given one dose of deworming tablet | Q43: ='ST_FP, Maternal, Morta, & Nata_'!C147 -> 0 | R43: ='ST_FP, Maternal, Morta, & Nata_'!D147 -> 4 | S43: ='ST_FP, Maternal, Morta, & Nata_'!E147 -> 38 | T43: =SUM(Q43:S43) -> 42
A44: a. No. of Women who delivered and who were tracked during pregnancy | B44: ='ST_FP, Maternal, Morta, & Nata_'!C133 -> 0 | C44: ='ST_FP, Maternal, Morta, & Nata_'!D133 -> 0 | D44: ='ST_FP, Maternal, Morta, & Nata_'!E133 -> 0 | E44: =SUM(B44:D44) -> 0 | L44: 8a. No of pregnant women screened for Hepatitis B | Q44: ='ST_FP, Maternal, Morta, & Nata_'!C149 -> 0 | R44: ='ST_FP, Maternal, Morta, & Nata_'!D149 -> 7 | S44: ='ST_FP, Maternal, Morta, & Nata_'!E149 -> 33 | T44: =SUM(Q44:S44) -> 40
A45: b. No. of TRANS IN from other LGUs | B45: ='ST_FP, Maternal, Morta, & Nata_'!C134 -> 0 | C45: ='ST_FP, Maternal, Morta, & Nata_'!D134 -> 0 | D45: ='ST_FP, Maternal, Morta, & Nata_'!E134 -> 0 | E45: =SUM(B45:D45) -> 0 | L45: 8b. No of pregnant women screened reactive for Hepatitis B | Q45: ='ST_FP, Maternal, Morta, & Nata_'!C150 -> 0 | R45: ='ST_FP, Maternal, Morta, & Nata_'!D150 -> 0 | S45: ='ST_FP, Maternal, Morta, & Nata_'!E150 -> 0 | T45: =SUM(Q45:S45) -> 0
A46: c. No. of TRANS OUT (with MOV) before completing 8ANC | B46: ='ST_FP, Maternal, Morta, & Nata_'!C135 -> 0 | C46: ='ST_FP, Maternal, Morta, & Nata_'!D135 -> 0 | D46: ='ST_FP, Maternal, Morta, & Nata_'!E135 -> 0 | E46: =SUM(B46:D46) -> 0 | L46: 9a. No of pregnant women screened for Anemia | Q46: ='ST_FP, Maternal, Morta, & Nata_'!C152 -> 0 | R46: ='ST_FP, Maternal, Morta, & Nata_'!D152 -> 8 | S46: ='ST_FP, Maternal, Morta, & Nata_'!E152 -> 36 | T46: =SUM(Q46:S46) -> 44
A47: 2a. Number of pregnant women seen in the first trimester who have normal BMI | B47: ='ST_FP, Maternal, Morta, & Nata_'!C137 -> 0 | C47: ='ST_FP, Maternal, Morta, & Nata_'!D137 -> 3 | D47: ='ST_FP, Maternal, Morta, & Nata_'!E137 -> 12 | E47: =SUM(B47:D47) -> 15 | L47: 9b. No of pregnant women diagnosed with Anemia | Q47: ='ST_FP, Maternal, Morta, & Nata_'!C153 -> 0 | R47: ='ST_FP, Maternal, Morta, & Nata_'!D153 -> 0 | S47: ='ST_FP, Maternal, Morta, & Nata_'!E153 -> 4 | T47: =SUM(Q47:S47) -> 4
A48: 2b. Number of pregnant women seen in the first trimester who have Low BMI | B48: ='ST_FP, Maternal, Morta, & Nata_'!C138 -> 0 | C48: ='ST_FP, Maternal, Morta, & Nata_'!D138 -> 3 | D48: ='ST_FP, Maternal, Morta, & Nata_'!E138 -> 3 | E48: =SUM(B48:D48) -> 6 | L48: 10a. No of pregnant women screened for Gestational Diabetes Melitus | Q48: ='ST_FP, Maternal, Morta, & Nata_'!C155 -> 0 | R48: ='ST_FP, Maternal, Morta, & Nata_'!D155 -> 0 | S48: ='ST_FP, Maternal, Morta, & Nata_'!E155 -> 1 | T48: =SUM(Q48:S48) -> 1
A49: 2c. Number of pregnant women seen in the first trimester who have High BMI | B49: ='ST_FP, Maternal, Morta, & Nata_'!C139 -> 0 | C49: ='ST_FP, Maternal, Morta, & Nata_'!D139 -> 1 | D49: ='ST_FP, Maternal, Morta, & Nata_'!E139 -> 10 | E49: =SUM(B49:D49) -> 11 | L49: 10b. No of pregnant women tested positive for Gestational Diabetes Melitus | Q49: ='ST_FP, Maternal, Morta, & Nata_'!C156 -> 0 | R49: ='ST_FP, Maternal, Morta, & Nata_'!D156 -> 0 | S49: ='ST_FP, Maternal, Morta, & Nata_'!E156 -> 0 | T49: =SUM(Q49:S49) -> 0
A50: 3a. Number of women pregnant for the first time given at least 2 doses of Tetanus diphtheria (Td) vaccination | B50: ='ST_FP, Maternal, Morta, & Nata_'!C141 -> 0 | C50: ='ST_FP, Maternal, Morta, & Nata_'!D141 -> 5 | D50: ='ST_FP, Maternal, Morta, & Nata_'!E141 -> 16 | E50: =SUM(B50:D50) -> 21
A51: Indicators | B51: Age Group | E51: TOTAL | G51: Remarks | L51: Indicators | Q51: Age Group | T51: TOTAL | V51: Remarks
B52: 10-14 | C52: 15-19 | D52: 20-49 | Q52: 10-14 | R52: 15-19 | S52: 20-49
A53: INTRAPARTUM AND NEWBORN CARE
A54: 1. Total Deliveries | B54: ='ST_FP, Maternal, Morta, & Nata_'!C158 -> 0 | C54: ='ST_FP, Maternal, Morta, & Nata_'!D158 -> 0 | D54: ='ST_FP, Maternal, Morta, & Nata_'!E158 -> 11 | E54: =SUM(B54:D54) -> 11 | L54: 4. No. of facility based deliveries (FBD) | Q54: =SUM(Q55:Q56) -> 0 | R54: =SUM(R55:R56) -> 0 | S54: =SUM(S55:S56) -> 10 | T54: =SUM(Q54:S54) -> 10
A55: 2. No. of Livebirths | B55: =SUM(B56:B58) -> 0 | C55: =SUM(C56:C58) -> 0 | D55: =SUM(D56:D58) -> 11 | E55: =SUM(B55:D55) -> 11 | L55: a. Public facility | Q55: ='ST_FP, Maternal, Morta, & Nata_'!C164 -> 0 | R55: ='ST_FP, Maternal, Morta, & Nata_'!D164 -> 0 | S55: ='ST_FP, Maternal, Morta, & Nata_'!E164 -> 10 | T55: =SUM(Q55:S55) -> 10
A56: a. Normal birth weight | B56: ='ST_FP, Maternal, Morta, & Nata_'!C176 -> 0 | C56: ='ST_FP, Maternal, Morta, & Nata_'!D176 -> 0 | D56: ='ST_FP, Maternal, Morta, & Nata_'!E176 -> 11 | E56: =SUM(B56:D56) -> 11 | L56: b. Private facility | Q56: ='ST_FP, Maternal, Morta, & Nata_'!C165 -> 0 | R56: ='ST_FP, Maternal, Morta, & Nata_'!D165 -> 0 | S56: ='ST_FP, Maternal, Morta, & Nata_'!E165 -> 0 | T56: =SUM(Q56:S56) -> 0
A57: b. Low birth weight | B57: ='ST_FP, Maternal, Morta, & Nata_'!C177 -> 0 | C57: ='ST_FP, Maternal, Morta, & Nata_'!D177 -> 0 | D57: ='ST_FP, Maternal, Morta, & Nata_'!E177 -> 0 | E57: =SUM(B57:D57) -> 0 | L57: 5a. No. of Vaginal deliveires | Q57: ='ST_FP, Maternal, Morta, & Nata_'!C167 -> 0 | R57: ='ST_FP, Maternal, Morta, & Nata_'!D167 -> 0 | S57: ='ST_FP, Maternal, Morta, & Nata_'!E167 -> 11 | T57: =SUM(Q57:S57) -> 11
A58: c. Unknown birth weight | B58: ='ST_FP, Maternal, Morta, & Nata_'!C178 -> 0 | C58: ='ST_FP, Maternal, Morta, & Nata_'!D178 -> 0 | D58: ='ST_FP, Maternal, Morta, & Nata_'!E178 -> 0 | E58: =SUM(B58:D58) -> 0 | L58: 5b. No. of Cesarean section | Q58: ='ST_FP, Maternal, Morta, & Nata_'!C168 -> 0 | R58: ='ST_FP, Maternal, Morta, & Nata_'!D168 -> 0 | S58: ='ST_FP, Maternal, Morta, & Nata_'!E168 -> 0 | T58: =SUM(Q58:S58) -> 0
A59: 3. No. of deliveries attended by skilled health professionals | B59: =sum(B61:B63) -> 0 | C59: =sum(C61:C63) -> 0 | D59: =sum(D61:D63) -> 10 | E59: =SUM(B59:D59) -> 10 | L59: 5c. No. of Combined Vaginal-Cesarean Delivery | Q59: ='ST_FP, Maternal, Morta, & Nata_'!C169 -> 0 | R59: ='ST_FP, Maternal, Morta, & Nata_'!D169 -> 0 | S59: ='ST_FP, Maternal, Morta, & Nata_'!E169 -> 0 | T59: =SUM(Q59:S59) -> 0
L60: 6a. No. of Full-Term deliveries | Q60: ='ST_FP, Maternal, Morta, & Nata_'!C171 -> 0 | R60: ='ST_FP, Maternal, Morta, & Nata_'!D171 -> 0 | S60: ='ST_FP, Maternal, Morta, & Nata_'!E171 -> 11 | T60: =SUM(Q60:S60) -> 11
A61: a. Physicians | B61: ='ST_FP, Maternal, Morta, & Nata_'!C160 -> 0 | C61: ='ST_FP, Maternal, Morta, & Nata_'!D160 -> 0 | D61: ='ST_FP, Maternal, Morta, & Nata_'!E160 -> 0 | E61: =SUM(B61:D61) -> 0 | L61: 6b. No. of Pre-Term Deliveries | Q61: ='ST_FP, Maternal, Morta, & Nata_'!C172 -> 0 | R61: ='ST_FP, Maternal, Morta, & Nata_'!D172 -> 0 | S61: ='ST_FP, Maternal, Morta, & Nata_'!E172 -> 0 | T61: =SUM(Q61:S61) -> 0
A62: b. Nurses | B62: ='ST_FP, Maternal, Morta, & Nata_'!C161 -> 0 | C62: ='ST_FP, Maternal, Morta, & Nata_'!D161 -> 0 | D62: ='ST_FP, Maternal, Morta, & Nata_'!E161 -> 0 | E62: =SUM(B62:D62) -> 0 | L62: 6c. No. of Fetal deaths | Q62: ='ST_FP, Maternal, Morta, & Nata_'!C173 -> 0 | R62: ='ST_FP, Maternal, Morta, & Nata_'!D173 -> 0 | S62: ='ST_FP, Maternal, Morta, & Nata_'!E173 -> 0 | T62: =SUM(Q62:S62) -> 0
A63: c. Midwives | B63: ='ST_FP, Maternal, Morta, & Nata_'!C162 -> 0 | C63: ='ST_FP, Maternal, Morta, & Nata_'!D162 -> 0 | D63: ='ST_FP, Maternal, Morta, & Nata_'!E162 -> 10 | E63: =SUM(B63:D63) -> 10 | L63: 6d. No. of abortion/miscarriage | Q63: ='ST_FP, Maternal, Morta, & Nata_'!C174 -> 0 | R63: ='ST_FP, Maternal, Morta, & Nata_'!D174 -> 0 | S63: ='ST_FP, Maternal, Morta, & Nata_'!E174 -> 0 | T63: =SUM(Q63:S63) -> 0
A64: Indicators | B64: Age Group | E64: TOTAL | G64: Remarks | L64: Indicators | Q64: Age Group | T64: TOTAL | V64: Remarks
B65: 10-14 | C65: 15-19 | D65: 20-49 | Q65: 10-14 | R65: 15-19 | S65: 20-49
A66: POSTPARTUM CARE
A67: 1a. Number and proportion of Postpartum women together with their newborn who completed at least 2PNC (for Q1 Jan to Feb 2025 only) | B67: ='ST_FP, Maternal, Morta, & Nata_'!C181 -> 0 | C67: ='ST_FP, Maternal, Morta, & Nata_'!D181 -> 1 | D67: ='ST_FP, Maternal, Morta, & Nata_'!E181 -> 14 | E67: =SUM(B67:D67) -> 15 | L67: 2. Number of postpartum women who completed the dose of iron with folic acid supplementation | Q67: ='ST_FP, Maternal, Morta, & Nata_'!C191 -> 0 | R67: ='ST_FP, Maternal, Morta, & Nata_'!D191 -> 4 | S67: ='ST_FP, Maternal, Morta, & Nata_'!E191 -> 40 | T67: =SUM(Q67:S67) -> 44
A68: 1b. Total No. of women who delivered and completed at least 4PNC =(a+b) | B68: =SUM(B69:B70) -> 0 | C68: =SUM(C69:C70) -> 1 | D68: =SUM(D69:D70) -> 27 | E68: =SUM(B68:D68) -> 28 | L68: 3. Number of postpartum women who completed the dose ofVitamin A supplementation | Q68: ='ST_FP, Maternal, Morta, & Nata_'!C192 -> 0 | R68: ='ST_FP, Maternal, Morta, & Nata_'!D192 -> 2 | S68: ='ST_FP, Maternal, Morta, & Nata_'!E192 -> 41 | T68: =SUM(Q68:S68) -> 43
A69: a. No. of women who delivered and Provided 1st to 4th PNC on schedule | B69: ='ST_FP, Maternal, Morta, & Nata_'!C184 -> 0 | C69: ='ST_FP, Maternal, Morta, & Nata_'!D184 -> 1 | D69: ='ST_FP, Maternal, Morta, & Nata_'!E184 -> 24 | E69: =SUM(B69:D69) -> 25
A70: b. No. of women who delivered and completed at least 4PNC TRANS IN from other LGUs | B70: ='ST_FP, Maternal, Morta, & Nata_'!C185 -> 0 | C70: ='ST_FP, Maternal, Morta, & Nata_'!D185 -> 0 | D70: ='ST_FP, Maternal, Morta, & Nata_'!E185 -> 3 | E70: =SUM(B70:D70) -> 3
A71: 1c. Total No. of women who delivered and who were tracked during pregnancy =(a+b)-c | B71: =SUM(B72:B73)-B74 -> 0 | C71: =SUM(C72:C73)-C74 -> 2 | D71: =SUM(D72:D73)-D74 -> 22 | E71: =SUM(B71:D71) -> 24
A72: a. No. of women who delivered and who were tracked during pregnancy (New) | B72: ='ST_FP, Maternal, Morta, & Nata_'!C187 -> 0 | C72: ='ST_FP, Maternal, Morta, & Nata_'!D187 -> 2 | D72: ='ST_FP, Maternal, Morta, & Nata_'!E187 -> 19 | E72: =SUM(B72:D72) -> 21
A73: b. No. of TRANS IN from other LGUs | B73: ='ST_FP, Maternal, Morta, & Nata_'!C188 -> 0 | C73: ='ST_FP, Maternal, Morta, & Nata_'!D188 -> 0 | D73: ='ST_FP, Maternal, Morta, & Nata_'!E188 -> 3 | E73: =SUM(B73:D73) -> 3
A74: c. No. of TRANS OUT (with MOV) before completing 4PNC | B74: ='ST_FP, Maternal, Morta, & Nata_'!C189 -> 0 | C74: ='ST_FP, Maternal, Morta, & Nata_'!D189 -> 0 | D74: ='ST_FP, Maternal, Morta, & Nata_'!E189 -> 0 | E74: =SUM(B74:D74) -> 0
A75: SECTION C. CHILD CARE AND SERVICES
A76: Indicators | B76: Sex | E76: Remarks | L76: Indicators | Q76: Sex | T76: Remarks
B77: Male | C77: Female | D77: Total | Q77: Male | R77: Female | S77: Total
A78: IMMUNIZATION
A79: A.1. Immunization Services
A80: 1. Children protected at birth (CPAB) | B80: ='ST_Child, OHC, NCD, & Infectiou'!F9 -> 22 | C80: ='ST_Child, OHC, NCD, & Infectiou'!G9 -> 20 | D80: =SUM(B80:C80) -> 42 | L80: 4. Hep B antigen with in 24 hrs after birth | Q80: ='ST_Child, OHC, NCD, & Infectiou'!F12 -> 15 | R80: ='ST_Child, OHC, NCD, & Infectiou'!G12 -> 15 | S80: =SUM(Q80:R80) -> 30
A81: 2. BCG (with in 0-28 days) | B81: ='ST_Child, OHC, NCD, & Infectiou'!F10 -> 15 | C81: ='ST_Child, OHC, NCD, & Infectiou'!G10 -> 16 | D81: =SUM(B81:C81) -> 31 | L81: 5. Hep B antigen more than 24 hrs up to 14 days | Q81: ='ST_Child, OHC, NCD, & Infectiou'!F13 -> 14 | R81: ='ST_Child, OHC, NCD, & Infectiou'!G13 -> 6 | S81: =SUM(Q81:R81) -> 20
A82: 3. BCG (29 days to 1 year old) | B82: ='ST_Child, OHC, NCD, & Infectiou'!F11 -> 0 | C82: ='ST_Child, OHC, NCD, & Infectiou'!G11 -> 0 | D82: =SUM(B82:C82) -> 0
A83: A.2. Immunization Services (0-12 months old)
A84: 1. DPT-HiB-HepB 1 | B84: ='ST_Child, OHC, NCD, & Infectiou'!F15 -> 30 | C84: ='ST_Child, OHC, NCD, & Infectiou'!G15 -> 21 | D84: =SUM(B84:C84) -> 51 | L84: 8. IPV 2 | Q84: ='ST_Child, OHC, NCD, & Infectiou'!F22 -> 24 | R84: ='ST_Child, OHC, NCD, & Infectiou'!G22 -> 12 | S84: =SUM(Q84:R84) -> 36
A85: 2. DPT-HiB-HepB 2 | B85: ='ST_Child, OHC, NCD, & Infectiou'!F16 -> 31 | C85: ='ST_Child, OHC, NCD, & Infectiou'!G16 -> 18 | D85: =SUM(B85:C85) -> 49 | L85: 9. PCV 1 | Q85: ='ST_Child, OHC, NCD, & Infectiou'!F23 -> 30 | R85: ='ST_Child, OHC, NCD, & Infectiou'!G23 -> 22 | S85: =SUM(Q85:R85) -> 52
A86: 3. DPT-HiB-HepB 3 | B86: ='ST_Child, OHC, NCD, & Infectiou'!F17 -> 29 | C86: ='ST_Child, OHC, NCD, & Infectiou'!G17 -> 22 | D86: =SUM(B86:C86) -> 51 | L86: 10. PCV 2 | Q86: ='ST_Child, OHC, NCD, & Infectiou'!F24 -> 33 | R86: ='ST_Child, OHC, NCD, & Infectiou'!G24 -> 18 | S86: =SUM(Q86:R86) -> 51
A87: 4. OPV 1 | B87: ='ST_Child, OHC, NCD, & Infectiou'!F18 -> 7 | C87: ='ST_Child, OHC, NCD, & Infectiou'!G18 -> 2 | D87: =SUM(B87:C87) -> 9 | L87: 11. PCV 3 | Q87: ='ST_Child, OHC, NCD, & Infectiou'!F25 -> 35 | R87: ='ST_Child, OHC, NCD, & Infectiou'!G25 -> 18 | S87: =SUM(Q87:R87) -> 53
A88: 5. OPV 2 | B88: ='ST_Child, OHC, NCD, & Infectiou'!F19 -> 6 | C88: ='ST_Child, OHC, NCD, & Infectiou'!G19 -> 2 | D88: =SUM(B88:C88) -> 8 | L88: 12. MMR 1 | Q88: ='ST_Child, OHC, NCD, & Infectiou'!F26 -> 26 | R88: ='ST_Child, OHC, NCD, & Infectiou'!G26 -> 11 | S88: =SUM(Q88:R88) -> 37
A89: 6. OPV 3 | B89: ='ST_Child, OHC, NCD, & Infectiou'!F20 -> 4 | C89: ='ST_Child, OHC, NCD, & Infectiou'!G20 -> 2 | D89: =SUM(B89:C89) -> 6 | L89: 13. MMR 2 | Q89: ='ST_Child, OHC, NCD, & Infectiou'!F27 -> 26 | R89: ='ST_Child, OHC, NCD, & Infectiou'!G27 -> 13 | S89: =SUM(Q89:R89) -> 39
A90: 7. IPV 1 | B90: ='ST_Child, OHC, NCD, & Infectiou'!F21 -> 29 | C90: ='ST_Child, OHC, NCD, & Infectiou'!G21 -> 16 | D90: =SUM(B90:C90) -> 45 | L90: 14. FIC | Q90: ='ST_Child, OHC, NCD, & Infectiou'!F28 -> 26 | R90: ='ST_Child, OHC, NCD, & Infectiou'!G28 -> 11 | S90: =SUM(Q90:R90) -> 37
A91: A.3. Immunization Services (13-23 months old)
A92: 1. DPT-HiB-HepB 1 | B92: ='ST_Child, OHC, NCD, & Infectiou'!F30 -> 0 | C92: ='ST_Child, OHC, NCD, & Infectiou'!G30 -> 1 | D92: =SUM(B92:C92) -> 1 | L92: 8. IPV 2 | Q92: ='ST_Child, OHC, NCD, & Infectiou'!F37 -> 0 | R92: ='ST_Child, OHC, NCD, & Infectiou'!G37 -> 0 | S92: =SUM(Q92:R92) -> 0
A93: 2. DPT-HiB-HepB 2 | B93: ='ST_Child, OHC, NCD, & Infectiou'!F31 -> 0 | C93: ='ST_Child, OHC, NCD, & Infectiou'!G31 -> 0 | D93: =SUM(B93:C93) -> 0 | L93: 9. PCV 1 | Q93: ='ST_Child, OHC, NCD, & Infectiou'!F38 -> 0 | R93: ='ST_Child, OHC, NCD, & Infectiou'!G38 -> 1 | S93: =SUM(Q93:R93) -> 1
A94: 3. DPT-HiB-HepB 3 | B94: ='ST_Child, OHC, NCD, & Infectiou'!F32 -> 0 | C94: ='ST_Child, OHC, NCD, & Infectiou'!G32 -> 0 | D94: =SUM(B94:C94) -> 0 | L94: 10. PCV 2 | Q94: ='ST_Child, OHC, NCD, & Infectiou'!F39 -> 0 | R94: ='ST_Child, OHC, NCD, & Infectiou'!G39 -> 0 | S94: =SUM(Q94:R94) -> 0
A95: 4. OPV 1 | B95: ='ST_Child, OHC, NCD, & Infectiou'!F33 -> 0 | C95: ='ST_Child, OHC, NCD, & Infectiou'!G33 -> 0 | D95: =SUM(B95:C95) -> 0 | L95: 11. PCV 3 | Q95: ='ST_Child, OHC, NCD, & Infectiou'!F40 -> 0 | R95: ='ST_Child, OHC, NCD, & Infectiou'!G40 -> 0 | S95: =SUM(Q95:R95) -> 0
A96: 5. OPV 2 | B96: ='ST_Child, OHC, NCD, & Infectiou'!F34 -> 0 | C96: ='ST_Child, OHC, NCD, & Infectiou'!G34 -> 0 | D96: =SUM(B96:C96) -> 0 | L96: 12. MMR 1 | Q96: ='ST_Child, OHC, NCD, & Infectiou'!F41 -> 0 | R96: ='ST_Child, OHC, NCD, & Infectiou'!G41 -> 0 | S96: =SUM(Q96:R96) -> 0
A97: 6. OPV 3 | B97: ='ST_Child, OHC, NCD, & Infectiou'!F35 -> 0 | C97: ='ST_Child, OHC, NCD, & Infectiou'!G35 -> 0 | D97: =SUM(B97:C97) -> 0 | L97: 13. MMR 2 | Q97: ='ST_Child, OHC, NCD, & Infectiou'!F42 -> 2 | R97: ='ST_Child, OHC, NCD, & Infectiou'!G42 -> 1 | S97: =SUM(Q97:R97) -> 3
A98: 7. IPV 1 | B98: ='ST_Child, OHC, NCD, & Infectiou'!F36 -> 0 | C98: ='ST_Child, OHC, NCD, & Infectiou'!G36 -> 0 | D98: =SUM(B98:C98) -> 0 | L98: 14. CIC | Q98: ='ST_Child, OHC, NCD, & Infectiou'!F43 -> 2 | R98: ='ST_Child, OHC, NCD, & Infectiou'!G43 -> 1 | S98: =SUM(Q98:R98) -> 3
A99: Indicators | B99: Sex | E99: Remarks | L99: Indicators | Q99: Sex | T99: Remarks
B100: Male | C100: Female | D100: Total | Q100: Male | R100: Female | S100: Total
A101: A.4. School-Based Immunization
A102: 1. HPV 1st dose (9 years old Female only) | C102: ='ST_Child, OHC, NCD, & Infectiou'!H45 -> 20 | D102: =SUM(B102:C102) -> 20 | L102: 4. Grade 1 learners given MR | Q102: ='ST_Child, OHC, NCD, & Infectiou'!F48 -> 22 | R102: ='ST_Child, OHC, NCD, & Infectiou'!G48 -> 30 | S102: =SUM(Q102:R102) -> 52
A103: 2. HPV 2nd dose (9 years old Female only) | C103: ='ST_Child, OHC, NCD, & Infectiou'!H46 -> 0 | D103: =SUM(B103:C103) -> 0 | L103: 5. Grade 7 learners given Td | Q103: ='ST_Child, OHC, NCD, & Infectiou'!F49 -> 0 | R103: ='ST_Child, OHC, NCD, & Infectiou'!G49 -> 0 | S103: =SUM(Q103:R103) -> 0
A104: 3. Grade 1 learners given Td | B104: ='ST_Child, OHC, NCD, & Infectiou'!F47 -> 22 | C104: ='ST_Child, OHC, NCD, & Infectiou'!G47 -> 30 | D104: =SUM(B104:C104) -> 52 | L104: 6. Grade 7 learners given MR | Q104: ='ST_Child, OHC, NCD, & Infectiou'!F50 -> 0 | R104: ='ST_Child, OHC, NCD, & Infectiou'!G50 -> 0 | S104: =SUM(Q104:R104) -> 0
A105: Indicators | B105: Sex | E105: Remarks | L105: Indicators | Q105: Sex | T105: Remarks
B106: Male | C106: Female | D106: Total | Q106: Male | R106: Female | S106: Total
...

Sheet ST_FP, Maternal, Morta, & Nata_
A1: Summary Table - PAMORANGON | B1: Date reported by BHS Midwife/Nurse: | G1: - | K1: - | O1: - | S1: - | W1: - | AA1: - | AE1: - | AI1: -
B2: Date validated by RHU FHSIS Coordinator: | G2: - | K2: - | O2: - | S2: - | W2: - | AA2: - | AE2: - | AI2: -
A3: *Leave no blank cells (put '0' to zero indicators) **Right Click, Paste special, Values only (when pasting in M1/M2 8PAA Generator columns) | G3: JAN | K3: FEB | O3: MAR | S3: Q1 | W3: APR | AA3: MAY | AE3: JUN | AI3: Q2 | AM3: JUL | AQ3: AUG | AU3: SEPT | AY3: Q3 | BC3: OCT | BG3: NOV | BK3: DEC | BO3: Q4 | BS3: ANNUAL | BW3: %
A4: INDICATORS | B4: Target | C4: M1/M2 8PAA GENERATOR
C5: 10-14 | D5: 15-19 | E5: 20-49 | F5: TOTAL | G5: 10-14 | H5: 15-19 | I5: 20-49 | J5: TOTAL | K5: 10-14 | L5: 15-19 | M5: 20-49 | N5: TOTAL | O5: 10-14 | P5: 15-19 | Q5: 20-49 | R5: TOTAL | S5: 10-14 | T5: 15-19 | U5: 20-49 | V5: TOTAL | W5: 10-14 | X5: 15-19 | Y5: 20-49 | Z5: TOTAL | AA5: 10-14 | AB5: 15-19 | AC5: 20-49 | AD5: TOTAL | AE5: 10-14 | AF5: 15-19 | AG5: 20-49 | AH5: TOTAL | AI5: 10-14 | AJ5: 15-19 | AK5: 20-49 | AL5: TOTAL | AM5: 10-14 | AN5: 15-19 | AO5: 20-49 | AP5: TOTAL | AQ5: 10-14 | AR5: 15-19 | AS5: 20-49 | AT5: TOTAL | AU5: 10-14 | AV5: 15-19 | AW5: 20-49 | AX5: TOTAL | AY5: 10-14 | AZ5: 15-19 | BA5: 20-49 | BB5: TOTAL | BC5: 10-14 | BD5: 15-19 | BE5: 20-49 | BF5: TOTAL | BG5: 10-14 | BH5: 15-19 | BI5: 20-49 | BJ5: TOTAL | BK5: 10-14 | BL5: 15-19 | BM5: 20-49 | BN5: TOTAL | BO5: 10-14 | BP5: 15-19 | BQ5: 20-49 | BR5: TOTAL | BS5: 10-14 | BT5: 15-19 | BU5: 20-49 | BV5: TOTAL
A6: FAMILY PLANNING
A7: 1. No. of women of reproductive age (WRA) 15-49 years old who have demand for Family Planning (FP) and currently using, or whose partner is currently using, any modern FP methods | C7: 0 | D7: 4 | E7: 158 | F7: 162 | G7: =SUM(G87:G88,G91:G92) -> 0 | H7: =SUM(H87:H88,H91:H92) -> 3 | I7: =SUM(I87:I88,I91:I92) -> 191 | J7: =SUM(G7:I7) -> 194 | K7: =SUM(K87:K88,K91:K92) -> 0 | L7: =SUM(L87:L88,L91:L92) -> 3 | M7: =SUM(M87:M88,M91:M92) -> 191 | N7: =SUM(K7:M7) -> 194 | O7: =SUM(O87:O88,O91:O92) -> 0 | P7: =SUM(P87:P88,P91:P92) -> 3 | Q7: =SUM(Q87:Q88,Q91:Q92) -> 193 | R7: =SUM(O7:Q7) -> 196 | S7: =O7 -> 0 | T7: =P7 -> 3 | U7: =Q7 -> 193 | V7: =R7 -> 196 | W7: =SUM(W87:W88,W91:W92) -> 0 | X7: =SUM(X87:X88,X91:X92) -> 4 | Y7: =SUM(Y87:Y88,Y91:Y92) -> 195 | Z7: =SUM(W7:Y7) -> 199 | AA7: =SUM(AA87:AA88,AA91:AA92) -> 0 | AB7: =SUM(AB87:AB88,AB91:AB92) -> 3 | AC7: =SUM(AC87:AC88,AC91:AC92) -> 196 | AD7: =SUM(AA7:AC7) -> 199 | AE7: =SUM(AE87:AE88,AE91:AE92) -> 0 | AF7: =SUM(AF87:AF88,AF91:AF92) -> 3 | AG7: =SUM(AG87:AG88,AG91:AG92) -> 197 | AH7: =SUM(AE7:AG7) -> 200 | AI7: =AE7 -> 0 | AJ7: =AF7 -> 3 | AK7: =AG7 -> 197 | AL7: =AH7 -> 200 | AM7: =SUM(AM87:AM88,AM91:AM92) -> 0 | AN7: =SUM(AN87:AN88,AN91:AN92) -> 3 | AO7: =SUM(AO87:AO88,AO91:AO92) -> 198 | AP7: =SUM(AM7:AO7) -> 201 | AQ7: =SUM(AQ87:AQ88,AQ91:AQ92) -> 0 | AR7: =SUM(AR87:AR88,AR91:AR92) -> 3 | AS7: =SUM(AS87:AS88,AS91:AS92) -> 199 | AT7: =SUM(AQ7:AS7) -> 202 | AU7: =SUM(AU87:AU88,AU91:AU92) -> 0 | AV7: =SUM(AV87:AV88,AV91:AV92) -> 4 | AW7: =SUM(AW87:AW88,AW91:AW92) -> 166 | AX7: =SUM(AU7:AW7) -> 170 | AY7: =AU7 -> 0 | AZ7: =AV7 -> 4 | BA7: =AW7 -> 166 | BB7: =AX7 -> 170 | BC7: =SUM(BC87:BC88,BC91:BC92) -> 0 | BD7: =SUM(BD87:BD88,BD91:BD92) -> 4 | BE7: =SUM(BE87:BE88,BE91:BE92) -> 164 | BF7: =SUM(BC7:BE7) -> 168 | BG7: =SUM(BG87:BG88,BG91:BG92) -> 0 | BH7: =SUM(BH87:BH88,BH91:BH92) -> 4 | BI7: =SUM(BI87:BI88,BI91:BI92) -> 159 | BJ7: =SUM(BG7:BI7) -> 163 | BK7: =SUM(BK87:BK88,BK91:BK92) -> 0 | BL7: =SUM(BL87:BL88,BL91:BL92) -> 4 | BM7: =SUM(BM87:BM88,BM91:BM92) -> 158 | BN7: =SUM(BK7:BM7) -> 162 | BO7: =BK7 -> 0 | BP7: =BL7 -> 4 | BQ7: =BM7 -> 158 | BR7: =BN7 -> 162
A8: Current User (Beginning)
A9: 1. FSTR/BTL | C9: 0 | D9: 0 | E9: 6 | F9: 6 | G9: 0 | H9: 0 | I9: 6 | J9: =SUM(G9:I9) -> 6 | K9: =G85 -> 0 | L9: =H85 -> 0 | M9: =I85 -> 6 | N9: =J85 -> 6 | O9: =K85 -> 0 | P9: =L85 -> 0 | Q9: =M85 -> 6 | R9: =N85 -> 6 | S9: =G9 -> 0 | T9: =H9 -> 0 | U9: =I9 -> 6 | V9: =J9 -> 6 | W9: =O85 -> 0 | X9: =P85 -> 0 | Y9: =Q85 -> 6 | Z9: =R85 -> 6 | AA9: =W85 -> 0 | AB9: =X85 -> 0 | AC9: =Y85 -> 6 | AD9: =Z85 -> 6 | AE9: =AA85 -> 0 | AF9: =AB85 -> 0 | AG9: =AC85 -> 6 | AH9: =AD85 -> 6 | AI9: =W9 -> 0 | AJ9: =X9 -> 0 | AK9: =Y9 -> 6 | AL9: =Z9 -> 6 | AM9: =AE85 -> 0 | AN9: =AF85 -> 0 | AO9: =AG85 -> 6 | AP9: =AH85 -> 6 | AQ9: =AM85 -> 0 | AR9: =AN85 -> 0 | AS9: =AO85 -> 6 | AT9: =AP85 -> 6 | AU9: =AQ85 -> 0 | AV9: =AR85 -> 0 | AW9: =AS85 -> 6 | AX9: =AT85 -> 6 | AY9: =AM9 -> 0 | AZ9: =AN9 -> 0 | BA9: =AO9 -> 6 | BB9: =AP9 -> 6 | BC9: =AU85 -> 0 | BD9: =AV85 -> 0 | BE9: =AW85 -> 6 | BF9: =AX85 -> 6 | BG9: =BC85 -> 0 | BH9: =BD85 -> 0 | BI9: =BE85 -> 6 | BJ9: =BF85 -> 6 | BK9: =BG85 -> 0 | BL9: =BH85 -> 0 | BM9: =BI85 -> 6 | BN9: =BJ85 -> 6 | BO9: =BC9 -> 0 | BP9: =BD9 -> 0 | BQ9: =BE9 -> 6 | BR9: =BF9 -> 6
A10: 2. MSTR/NSV | C10: 0 | D10: 0 | E10: 0 | F10: 0 | G10: 0 | H10: 0 | I10: 0 | J10: =SUM(G10:I10) -> 0 | K10: =G86 -> 0 | L10: =H86 -> 0 | M10: =I86 -> 0 | N10: =J86 -> 0 | O10: =K86 -> 0 | P10: =L86 -> 0 | Q10: =M86 -> 0 | R10: =N86 -> 0 | S10: =G10 -> 0 | T10: =H10 -> 0 | U10: =I10 -> 0 | V10: =J10 -> 0 | W10: =O86 -> 0 | X10: =P86 -> 0 | Y10: =Q86 -> 0 | Z10: =R86 -> 0 | AA10: =W86 -> 0 | AB10: =X86 -> 0 | AC10: =Y86 -> 0 | AD10: =Z86 -> 0 | AE10: =AA86 -> 0 | AF10: =AB86 -> 0 | AG10: =AC86 -> 0 | AH10: =AD86 -> 0 | AI10: =W10 -> 0 | AJ10: =X10 -> 0 | AK10: =Y10 -> 0 | AL10: =Z10 -> 0 | AM10: =AE86 -> 0 | AN10: =AF86 -> 0 | AO10: =AG86 -> 0 | AP10: =AH86 -> 0 | AQ10: =AM86 -> 0 | AR10: =AN86 -> 0 | AS10: =AO86 -> 0 | AT10: =AP86 -> 0 | AU10: =AQ86 -> 0 | AV10: =AR86 -> 0 | AW10: =AS86 -> 0 | AX10: =AT86 -> 0 | AY10: =AM10 -> 0 | AZ10: =AN10 -> 0 | BA10: =AO10 -> 0 | BB10: =AP10 -> 0 | BC10: =AU86 -> 0 | BD10: =AV86 -> 0 | BE10: =AW86 -> 0 | BF10: =AX86 -> 0 | BG10: =BC86 -> 0 | BH10: =BD86 -> 0 | BI10: =BE86 -> 0 | BJ10: =BF86 -> 0 | BK10: =BG86 -> 0 | BL10: =BH86 -> 0 | BM10: =BI86 -> 0 | BN10: =BJ86 -> 0 | BO10: =BC10 -> 0 | BP10: =BD10 -> 0 | BQ10: =BE10 -> 0 | BR10: =BF10 -> 0
A11: 3. Condom | C11: 0 | D11: 1 | E11: 2 | F11: 3 | G11: 0 | H11: 0 | I11: 5 | J11: =SUM(G11:I11) -> 5 | K11: =G87 -> 0 | L11: =H87 -> 0 | M11: =I87 -> 1 | N11: =J87 -> 1 | O11: =K87 -> 0 | P11: =L87 -> 0 | Q11: =M87 -> 1 | R11: =N87 -> 1 | S11: =G11 -> 0 | T11: =H11 -> 0 | U11: =I11 -> 5 | V11: =J11 -> 5 | W11: =O87 -> 0 | X11: =P87 -> 0 | Y11: =Q87 -> 2 | Z11: =R87 -> 2 | AA11: =W87 -> 0 | AB11: =X87 -> 1 | AC11: =Y87 -> 2 | AD11: =Z87 -> 3 | AE11: =AA87 -> 0 | AF11: =AB87 -> 1 | AG11: =AC87 -> 2 | AH11: =AD87 -> 3 | AI11: =W11 -> 0 | AJ11: =X11 -> 0 | AK11: =Y11 -> 2 | AL11: =Z11 -> 2 | AM11: =AE87 -> 0 | AN11: =AF87 -> 1 | AO11: =AG87 -> 2 | AP11: =AH87 -> 3 | AQ11: =AM87 -> 0 | AR11: =AN87 -> 1 | AS11: =AO87 -> 2 | AT11: =AP87 -> 3 | AU11: =AQ87 -> 0 | AV11: =AR87 -> 1 | AW11: =AS87 -> 2 | AX11: =AT87 -> 3 | AY11: =AM11 -> 0 | AZ11: =AN11 -> 1 | BA11: =AO11 -> 2 | BB11: =AP11 -> 3 | BC11: =AU87 -> 0 | BD11: =AV87 -> 1 | BE11: =AW87 -> 2 | BF11: =AX87 -> 3 | BG11: =BC87 -> 0 | BH11: =BD87 -> 1 | BI11: =BE87 -> 2 | BJ11: =BF87 -> 3 | BK11: =BG87 -> 0 | BL11: =BH87 -> 1 | BM11: =BI87 -> 2 | BN11: =BJ87 -> 3 | BO11: =BC11 -> 0 | BP11: =BD11 -> 1 | BQ11: =BE11 -> 2 | BR11: =BF11 -> 3
A12: 4. Pills | C12: 0 | D12: 1 | E12: 135 | F12: 136 | G12: =SUM(G13:G14) -> 0 | H12: =SUM(H13:H14) -> 2 | I12: =SUM(I13:I14) -> 171 | J12: =SUM(J13:J14) -> 173 | K12: =G88 -> 0 | L12: =H88 -> 2 | M12: =I88 -> 169 | N12: =J88 -> 171 | O12: =K88 -> 0 | P12: =L88 -> 2 | Q12: =M88 -> 169 | R12: =N88 -> 171 | S12: =G12 -> 0 | T12: =H12 -> 2 | U12: =I12 -> 171 | V12: =J12 -> 173 | W12: =O88 -> 0 | X12: =P88 -> 2 | Y12: =Q88 -> 168 | Z12: =R88 -> 170 | AA12: =W88 -> 0 | AB12: =X88 -> 2 | AC12: =Y88 -> 168 | AD12: =Z88 -> 170 | AE12: =AA88 -> 0 | AF12: =AB88 -> 1 | AG12: =AC88 -> 168 | AH12: =AD88 -> 169 | AI12: =W12 -> 0 | AJ12: =X12 -> 2 | AK12: =Y12 -> 168 | AL12: =Z12 -> 170 | AM12: =AE88 -> 0 | AN12: =AF88 -> 1 | AO12: =AG88 -> 168 | AP12: =AH88 -> 169 | AQ12: =AM88 -> 0 | AR12: =AN88 -> 1 | AS12: =AO88 -> 169 | AT12: =AP88 -> 170 | AU12: =AQ88 -> 0 | AV12: =AR88 -> 1 | AW12: =AS88 -> 169 | AX12: =AT88 -> 170 | AY12: =AM12 -> 0 | AZ12: =AN12 -> 1 | BA12: =AO12 -> 168 | BB12: =AP12 -> 169 | BC12: =AU88 -> 0 | BD12: =AV88 -> 1 | BE12: =AW88 -> 135 | BF12: =AX88 -> 136 | BG12: =BC88 -> 0 | BH12: =BD88 -> 1 | BI12: =BE88 -> 128 | BJ12: =BF88 -> 129 | BK12: =BG88 -> 0 | BL12: =BH88 -> 1 | BM12: =BI88 -> 122 | BN12: =BJ88 -> 123 | BO12: =BC12 -> 0 | BP12: =BD12 -> 1 | BQ12: =BE12 -> 135 | BR12: =BF12 -> 136
A13: a. Pills-POP | C13: 0 | D13: 0 | E13: 3 | F13: 3 | G13: 0 | H13: 0 | I13: 6 | J13: =SUM(G13:I13) -> 6 | K13: =G89 -> 0 | L13: =H89 -> 0 | M13: =I89 -> 3 | N13: =J89 -> 3 | O13: =K89 -> 0 | P13: =L89 -> 0 | Q13: =M89 -> 3 | R13: =N89 -> 3 | S13: =G13 -> 0 | T13: =H13 -> 0 | U13: =I13 -> 6 | V13: =J13 -> 6 | W13: =O89 -> 0 | X13: =P89 -> 0 | Y13: =Q89 -> 3 | Z13: =R89 -> 3 | AA13: =W89 -> 0 | AB13: =X89 -> 0 | AC13: =Y89 -> 3 | AD13: =Z89 -> 3 | AE13: =AA89 -> 0 | AF13: =AB89 -> 0 | AG13: =AC89 -> 3 | AH13: =AD89 -> 3 | AI13: =W13 -> 0 | AJ13: =X13 -> 0 | AK13: =Y13 -> 3 | AL13: =Z13 -> 3 | AM13: =AE89 -> 0 | AN13: =AF89 -> 0 | AO13: =AG89 -> 3 | AP13: =AH89 -> 3 | AQ13: =AM89 -> 0 | AR13: =AN89 -> 0 | AS13: =AO89 -> 3 | AT13: =AP89 -> 3 | AU13: =AQ89 -> 0 | AV13: =AR89 -> 0 | AW13: =AS89 -> 3 | AX13: =AT89 -> 3 | AY13: =AM13 -> 0 | AZ13: =AN13 -> 0 | BA13: =AO13 -> 3 | BB13: =AP13 -> 3 | BC13: =AU89 -> 0 | BD13: =AV89 -> 0 | BE13: =AW89 -> 3 | BF13: =AX89 -> 3 | BG13: =BC89 -> 0 | BH13: =BD89 -> 0 | BI13: =BE89 -> 3 | BJ13: =BF89 -> 3 | BK13: =BG89 -> 0 | BL13: =BH89 -> 0 | BM13: =BI89 -> 4 | BN13: =BJ89 -> 4 | BO13: =BC13 -> 0 | BP13: =BD13 -> 0 | BQ13: =BE13 -> 3 | BR13: =BF13 -> 3
A14: b. Pills-COC | C14: 0 | D14: 1 | E14: 132 | F14: 133 | G14: 0 | H14: 2 | I14: 165 | J14: =SUM(G14:I14) -> 167 | K14: =G90 -> 0 | L14: =H90 -> 2 | M14: =I90 -> 166 | N14: =J90 -> 168 | O14: =K90 -> 0 | P14: =L90 -> 2 | Q14: =M90 -> 166 | R14: =N90 -> 168 | S14: =G14 -> 0 | T14: =H14 -> 2 | U14: =I14 -> 165 | V14: =J14 -> 167 | W14: =O90 -> 0 | X14: =P90 -> 2 | Y14: =Q90 -> 165 | Z14: =R90 -> 167 | AA14: =W90 -> 0 | AB14: =X90 -> 2 | AC14: =Y90 -> 165 | AD14: =Z90 -> 167 | AE14: =AA90 -> 0 | AF14: =AB90 -> 1 | AG14: =AC90 -> 165 | AH14: =AD90 -> 166 | AI14: =W14 -> 0 | AJ14: =X14 -> 2 | AK14: =Y14 -> 165 | AL14: =Z14 -> 167 | AM14: =AE90 -> 0 | AN14: =AF90 -> 1 | AO14: =AG90 -> 165 | AP14: =AH90 -> 166 | AQ14: =AM90 -> 0 | AR14: =AN90 -> 1 | AS14: =AO90 -> 166 | AT14: =AP90 -> 167 | AU14: =AQ90 -> 0 | AV14: =AR90 -> 1 | AW14: =AS90 -> 166 | AX14: =AT90 -> 167 | AY14: =AM14 -> 0 | AZ14: =AN14 -> 1 | BA14: =AO14 -> 165 | BB14: =AP14 -> 166 | BC14: =AU90 -> 0 | BD14: =AV90 -> 1 | BE14: =AW90 -> 132 | BF14: =AX90 -> 133 | BG14: =BC90 -> 0 | BH14: =BD90 -> 1 | BI14: =BE90 -> 125 | BJ14: =BF90 -> 126 | BK14: =BG90 -> 0 | BL14: =BH90 -> 1 | BM14: =BI90 -> 118 | BN14: =BJ90 -> 119 | BO14: =BC14 -> 0 | BP14: =BD14 -> 1 | BQ14: =BE14 -> 132 | BR14: =BF14 -> 133
A15: 5. Injectables (DMPA/POI) | C15: 0 | D15: 2 | E15: 29 | F15: 31 | G15: 0 | H15: 3 | I15: 26 | J15: =SUM(G15:I15) -> 29 | K15: =G91 -> 0 | L15: =H91 -> 1 | M15: =I91 -> 21 | N15: =J91 -> 22 | O15: =K91 -> 0 | P15: =L91 -> 1 | Q15: =M91 -> 21 | R15: =N91 -> 22 | S15: =G15 -> 0 | T15: =H15 -> 3 | U15: =I15 -> 26 | V15: =J15 -> 29 | W15: =O91 -> 0 | X15: =P91 -> 1 | Y15: =Q91 -> 23 | Z15: =R91 -> 24 | AA15: =W91 -> 0 | AB15: =X91 -> 1 | AC15: =Y91 -> 25 | AD15: =Z91 -> 26 | AE15: =AA91 -> 0 | AF15: =AB91 -> 1 | AG15: =AC91 -> 26 | AH15: =AD91 -> 27 | AI15: =W15 -> 0 | AJ15: =X15 -> 1 | AK15: =Y15 -> 23 | AL15: =Z15 -> 24 | AM15: =AE91 -> 0 | AN15: =AF91 -> 1 | AO15: =AG91 -> 27 | AP15: =AH91 -> 28 | AQ15: =AM91 -> 0 | AR15: =AN91 -> 1 | AS15: =AO91 -> 27 | AT15: =AP91 -> 28 | AU15: =AQ91 -> 0 | AV15: =AR91 -> 1 | AW15: =AS91 -> 28 | AX15: =AT91 -> 29 | AY15: =AM15 -> 0 | AZ15: =AN15 -> 1 | BA15: =AO15 -> 27 | BB15: =AP15 -> 28 | BC15: =AU91 -> 0 | BD15: =AV91 -> 2 | BE15: =AW91 -> 29 | BF15: =AX91 -> 31 | BG15: =BC91 -> 0 | BH15: =BD91 -> 2 | BI15: =BE91 -> 31 | BJ15: =BF91 -> 33 | BK15: =BG91 -> 0 | BL15: =BH91 -> 2 | BM15: =BI91 -> 32 | BN15: =BJ91 -> 34 | BO15: =BC15 -> 0 | BP15: =BD15 -> 2 | BQ15: =BE15 -> 29 | BR15: =BF15 -> 31
A16: 6. Implant | C16: 0 | D16: 0 | E16: 0 | F16: 0 | G16: =SUM(G17:G18) -> 0 | H16: =SUM(H17:H18) -> 0 | I16: =SUM(I17:I18) -> 0 | J16: =SUM(J17:J18) -> 0 | K16: =G92 -> 0 | L16: =H92 -> 0 | M16: =I92 -> 0 | N16: =J92 -> 0 | O16: =K92 -> 0 | P16: =L92 -> 0 | Q16: =M92 -> 0 | R16: =N92 -> 0 | S16: =G16 -> 0 | T16: =H16 -> 0 | U16: =I16 -> 0 | V16: =J16 -> 0 | W16: =O92 -> 0 | X16: =P92 -> 0 | Y16: =Q92 -> 0 | Z16: =R92 -> 0 | AA16: =W92 -> 0 | AB16: =X92 -> 0 | AC16: =Y92 -> 0 | AD16: =Z92 -> 0 | AE16: =AA92 -> 0 | AF16: =AB92 -> 0 | AG16: =AC92 -> 0 | AH16: =AD92 -> 0 | AI16: =W16 -> 0 | AJ16: =X16 -> 0 | AK16: =Y16 -> 0 | AL16: =Z16 -> 0 | AM16: =AE92 -> 0 | AN16: =AF92 -> 0 | AO16: =AG92 -> 0 | AP16: =AH92 -> 0 | AQ16: =AM92 -> 0 | AR16: =AN92 -> 0 | AS16: =AO92 -> 0 | AT16: =AP92 -> 0 | AU16: =AQ92 -> 0 | AV16: =AR92 -> 0 | AW16: =AS92 -> 0 | AX16: =AT92 -> 0 | AY16: =AM16 -> 0 | AZ16: =AN16 -> 0 | BA16: =AO16 -> 0 | BB16: =AP16 -> 0 | BC16: =AU92 -> 0 | BD16: =AV92 -> 0 | BE16: =AW92 -> 0 | BF16: =AX92 -> 0 | BG16: =BC92 -> 0 | BH16: =BD92 -> 0 | BI16: =BE92 -> 3 | BJ16: =BF92 -> 3 | BK16: =BG92 -> 0 | BL16: =BH92 -> 0 | BM16: =BI92 -> 3 | BN16: =BJ92 -> 3 | BO16: =BC16 -> 0 | BP16: =BD16 -> 0 | BQ16: =BE16 -> 0 | BR16: =BF16 -> 0
A17: a. Implant-Interval | C17: 0 | D17: 0 | E17: 0 | F17: 0 | G17: 0 | H17: 0 | I17: 0 | J17: =SUM(G17:I17) -> 0 | K17: =G93 -> 0 | L17: =H93 -> 0 | M17: =I93 -> 0 | N17: =J93 -> 0 | O17: =K93 -> 0 | P17: =L93 -> 0 | Q17: =M93 -> 0 | R17: =N93 -> 0 | S17: =G17 -> 0 | T17: =H17 -> 0 | U17: =I17 -> 0 | V17: =J17 -> 0 | W17: =O93 -> 0 | X17: =P93 -> 0 | Y17: =Q93 -> 0 | Z17: =R93 -> 0 | AA17: =W93 -> 0 | AB17: =X93 -> 0 | AC17: =Y93 -> 0 | AD17: =Z93 -> 0 | AE17: =AA93 -> 0 | AF17: =AB93 -> 0 | AG17: =AC93 -> 0 | AH17: =AD93 -> 0 | AI17: =W17 -> 0 | AJ17: =X17 -> 0 | AK17: =Y17 -> 0 | AL17: =Z17 -> 0 | AM17: =AE93 -> 0 | AN17: =AF93 -> 0 | AO17: =AG93 -> 0 | AP17: =AH93 -> 0 | AQ17: =AM93 -> 0 | AR17: =AN93 -> 0 | AS17: =AO93 -> 0 | AT17: =AP93 -> 0 | AU17: =AQ93 -> 0 | AV17: =AR93 -> 0 | AW17: =AS93 -> 0 | AX17: =AT93 -> 0 | AY17: =AM17 -> 0 | AZ17: =AN17 -> 0 | BA17: =AO17 -> 0 | BB17: =AP17 -> 0 | BC17: =AU93 -> 0 | BD17: =AV93 -> 0 | BE17: =AW93 -> 0 | BF17: =AX93 -> 0 | BG17: =BC93 -> 0 | BH17: =BD93 -> 0 | BI17: =BE93 -> 2 | BJ17: =BF93 -> 2 | BK17: =BG93 -> 0 | BL17: =BH93 -> 0 | BM17: =BI93 -> 2 | BN17: =BJ93 -> 2 | BO17: =BC17 -> 0 | BP17: =BD17 -> 0 | BQ17: =BE17 -> 0 | BR17: =BF17 -> 0
A18: b. Implant-PP | C18: 0 | D18: 0 | E18: 0 | F18: 0 | G18: 0 | H18: 0 | I18: 0 | J18: =SUM(G18:I18) -> 0 | K18: =G94 -> 0 | L18: =H94 -> 0 | M18: =I94 -> 0 | N18: =J94 -> 0 | O18: =K94 -> 0 | P18: =L94 -> 0 | Q18: =M94 -> 0 | R18: =N94 -> 0 | S18: =G18 -> 0 | T18: =H18 -> 0 | U18: =I18 -> 0 | V18: =J18 -> 0 | W18: =O94 -> 0 | X18: =P94 -> 0 | Y18: =Q94 -> 0 | Z18: =R94 -> 0 | AA18: =W94 -> 0 | AB18: =X94 -> 0 | AC18: =Y94 -> 0 | AD18: =Z94 -> 0 | AE18: =AA94 -> 0 | AF18: =AB94 -> 0 | AG18: =AC94 -> 0 | AH18: =AD94 -> 0 | AI18: =W18 -> 0 | AJ18: =X18 -> 0 | AK18: =Y18 -> 0 | AL18: =Z18 -> 0 | AM18: =AE94 -> 0 | AN18: =AF94 -> 0 | AO18: =AG94 -> 0 | AP18: =AH94 -> 0 | AQ18: =AM94 -> 0 | AR18: =AN94 -> 0 | AS18: =AO94 -> 0 | AT18: =AP94 -> 0 | AU18: =AQ94 -> 0 | AV18: =AR94 -> 0 | AW18: =AS94 -> 0 | AX18: =AT94 -> 0 | AY18: =AM18 -> 0 | AZ18: =AN18 -> 0 | BA18: =AO18 -> 0 | BB18: =AP18 -> 0 | BC18: =AU94 -> 0 | BD18: =AV94 -> 0 | BE18: =AW94 -> 0 | BF18: =AX94 -> 0 | BG18: =BC94 -> 0 | BH18: =BD94 -> 0 | BI18: =BE94 -> 1 | BJ18: =BF94 -> 1 | BK18: =BG94 -> 0 | BL18: =BH94 -> 0 | BM18: =BI94 -> 1 | BN18: =BJ94 -> 1 | BO18: =BC18 -> 0 | BP18: =BD18 -> 0 | BQ18: =BE18 -> 0 | BR18: =BF18 -> 0
A19: 7. IUD | C19: 0 | D19: 0 | E19: 0 | F19: 0 | G19: =SUM(G20:G21) -> 0 | H19: =SUM(H20:H21) -> 0 | I19: =SUM(I20:I21) -> 0 | J19: =SUM(J20:J21) -> 0 | K19: =G95 -> 0 | L19: =H95 -> 0 | M19: =I95 -> 0 | N19: =J95 -> 0 | O19: =K95 -> 0 | P19: =L95 -> 0 | Q19: =M95 -> 0 | R19: =N95 -> 0 | S19: =G19 -> 0 | T19: =H19 -> 0 | U19: =I19 -> 0 | V19: =J19 -> 0 | W19: =O95 -> 0 | X19: =P95 -> 0 | Y19: =Q95 -> 0 | Z19: =R95 -> 0 | AA19: =W95 -> 0 | AB19: =X95 -> 0 | AC19: =Y95 -> 0 | AD19: =Z95 -> 0 | AE19: =AA95 -> 0 | AF19: =AB95 -> 0 | AG19: =AC95 -> 0 | AH19: =AD95 -> 0 | AI19: =W19 -> 0 | AJ19: =X19 -> 0 | AK19: =Y19 -> 0 | AL19: =Z19 -> 0 | AM19: =AE95 -> 0 | AN19: =AF95 -> 0 | AO19: =AG95 -> 0 | AP19: =AH95 -> 0 | AQ19: =AM95 -> 0 | AR19: =AN95 -> 0 | AS19: =AO95 -> 0 | AT19: =AP95 -> 0 | AU19: =AQ95 -> 0 | AV19: =AR95 -> 0 | AW19: =AS95 -> 0 | AX19: =AT95 -> 0 | AY19: =AM19 -> 0 | AZ19: =AN19 -> 0 | BA19: =AO19 -> 0 | BB19: =AP19 -> 0 | BC19: =AU95 -> 0 | BD19: =AV95 -> 0 | BE19: =AW95 -> 0 | BF19: =AX95 -> 0 | BG19: =BC95 -> 0 | BH19: =BD95 -> 0 | BI19: =BE95 -> 0 | BJ19: =BF95 -> 0 | BK19: =BG95 -> 0 | BL19: =BH95 -> 0 | BM19: =BI95 -> 0 | BN19: =BJ95 -> 0 | BO19: =BC19 -> 0 | BP19: =BD19 -> 0 | BQ19: =BE19 -> 0 | BR19: =BF19 -> 0
A20: a. IUD-Interval | C20: 0 | D20: 0 | E20: 0 | F20: 0 | G20: 0 | H20: 0 | I20: 0 | J20: =SUM(G20:I20) -> 0 | K20: =G96 -> 0 | L20: =H96 -> 0 | M20: =I96 -> 0 | N20: =J96 -> 0 | O20: =K96 -> 0 | P20: =L96 -> 0 | Q20: =M96 -> 0 | R20: =N96 -> 0 | S20: =G20 -> 0 | T20: =H20 -> 0 | U20: =I20 -> 0 | V20: =J20 -> 0 | W20: =O96 -> 0 | X20: =P96 -> 0 | Y20: =Q96 -> 0 | Z20: =R96 -> 0 | AA20: =W96 -> 0 | AB20: =X96 -> 0 | AC20: =Y96 -> 0 | AD20: =Z96 -> 0 | AE20: =AA96 -> 0 | AF20: =AB96 -> 0 | AG20: =AC96 -> 0 | AH20: =AD96 -> 0 | AI20: =W20 -> 0 | AJ20: =X20 -> 0 | AK20: =Y20 -> 0 | AL20: =Z20 -> 0 | AM20: =AE96 -> 0 | AN20: =AF96 -> 0 | AO20: =AG96 -> 0 | AP20: =AH96 -> 0 | AQ20: =AM96 -> 0 | AR20: =AN96 -> 0 | AS20: =AO96 -> 0 | AT20: =AP96 -> 0 | AU20: =AQ96 -> 0 | AV20: =AR96 -> 0 | AW20: =AS96 -> 0 | AX20: =AT96 -> 0 | AY20: =AM20 -> 0 | AZ20: =AN20 -> 0 | BA20: =AO20 -> 0 | BB20: =AP20 -> 0 | BC20: =AU96 -> 0 | BD20: =AV96 -> 0 | BE20: =AW96 -> 0 | BF20: =AX96 -> 0 | BG20: =BC96 -> 0 | BH20: =BD96 -> 0 | BI20: =BE96 -> 0 | BJ20: =BF96 -> 0 | BK20: =BG96 -> 0 | BL20: =BH96 -> 0 | BM20: =BI96 -> 0 | BN20: =BJ96 -> 0 | BO20: =BC20 -> 0 | BP20: =BD20 -> 0 | BQ20: =BE20 -> 0 | BR20: =BF20 -> 0
A21: b. IUD-PP | C21: 0 | D21: 0 | E21: 0 | F21: 0 | G21: 0 | H21: 0 | I21: 0 | J21: =SUM(G21:I21) -> 0 | K21: =G97 -> 0 | L21: =H97 -> 0 | M21: =I97 -> 0 | N21: =J97 -> 0 | O21: =K97 -> 0 | P21: =L97 -> 0 | Q21: =M97 -> 0 | R21: =N97 -> 0 | S21: =G21 -> 0 | T21: =H21 -> 0 | U21: =I21 -> 0 | V21: =J21 -> 0 | W21: =O97 -> 0 | X21: =P97 -> 0 | Y21: =Q97 -> 0 | Z21: =R97 -> 0 | AA21: =W97 -> 0 | AB21: =X97 -> 0 | AC21: =Y97 -> 0 | AD21: =Z97 -> 0 | AE21: =AA97 -> 0 | AF21: =AB97 -> 0 | AG21: =AC97 -> 0 | AH21: =AD97 -> 0 | AI21: =W21 -> 0 | AJ21: =X21 -> 0 | AK21: =Y21 -> 0 | AL21: =Z21 -> 0 | AM21: =AE97 -> 0 | AN21: =AF97 -> 0 | AO21: =AG97 -> 0 | AP21: =AH97 -> 0 | AQ21: =AM97 -> 0 | AR21: =AN97 -> 0 | AS21: =AO97 -> 0 | AT21: =AP97 -> 0 | AU21: =AQ97 -> 0 | AV21: =AR97 -> 0 | AW21: =AS97 -> 0 | AX21: =AT97 -> 0 | AY21: =AM21 -> 0 | AZ21: =AN21 -> 0 | BA21: =AO21 -> 0 | BB21: =AP21 -> 0 | BC21: =AU97 -> 0 | BD21: =AV97 -> 0 | BE21: =AW97 -> 0 | BF21: =AX97 -> 0 | BG21: =BC97 -> 0 | BH21: =BD97 -> 0 | BI21: =BE97 -> 0 | BJ21: =BF97 -> 0 | BK21: =BG97 -> 0 | BL21: =BH97 -> 0 | BM21: =BI97 -> 0 | BN21: =BJ97 -> 0 | BO21: =BC21 -> 0 | BP21: =BD21 -> 0 | BQ21: =BE21 -> 0 | BR21: =BF21 -> 0
A22: 8. NFP-LAM | C22: 0 | D22: 1 | E22: 14 | F22: 15 | G22: 0 | H22: 2 | I22: 10 | J22: =SUM(G22:I22) -> 12 | K22: =G98 -> 0 | L22: =H98 -> 0 | M22: =I98 -> 16 | N22: =J98 -> 16 | O22: =K98 -> 0 | P22: =L98 -> 0 | Q22: =M98 -> 15 | R22: =N98 -> 15 | S22: =G22 -> 0 | T22: =H22 -> 2 | U22: =I22 -> 10 | V22: =J22 -> 12 | W22: =O98 -> 0 | X22: =P98 -> 0 | Y22: =Q98 -> 11 | Z22: =R98 -> 11 | AA22: =W98 -> 0 | AB22: =X98 -> 0 | AC22: =Y98 -> 7 | AD22: =Z98 -> 7 | AE22: =AA98 -> 0 | AF22: =AB98 -> 0 | AG22: =AC98 -> 12 | AH22: =AD98 -> 12 | AI22: =W22 -> 0 | AJ22: =X22 -> 0 | AK22: =Y22 -> 11 | AL22: =Z22 -> 11 | AM22: =AE98 -> 0 | AN22: =AF98 -> 0 | AO22: =AG98 -> 11 | AP22: =AH98 -> 11 | AQ22: =AM98 -> 0 | AR22: =AN98 -> 1 | AS22: =AO98 -> 7 | AT22: =AP98 -> 8 | AU22: =AQ98 -> 0 | AV22: =AR98 -> 1 | AW22: =AS98 -> 11 | AX22: =AT98 -> 12 | AY22: =AM22 -> 0 | AZ22: =AN22 -> 0 | BA22: =AO22 -> 11 | BB22: =AP22 -> 11 | BC22: =AU98 -> 0 | BD22: =AV98 -> 1 | BE22: =AW98 -> 14 | BF22: =AX98 -> 15 | BG22: =BC98 -> 0 | BH22: =BD98 -> 1 | BI22: =BE98 -> 17 | BJ22: =BF98 -> 18 | BK22: =BG98 -> 0 | BL22: =BH98 -> 1 | BM22: =BI98 -> 16 | BN22: =BJ98 -> 17 | BO22: =BC22 -> 0 | BP22: =BD22 -> 1 | BQ22: =BE22 -> 14 | BR22: =BF22 -> 15
A23: 9. NFP-BBT | C23: 0 | D23: 0 | E23: 0 | F23: 0 | G23: 0 | H23: 0 | I23: 0 | J23: =SUM(G23:I23) -> 0 | K23: =G99 -> 0 | L23: =H99 -> 0 | M23: =I99 -> 0 | N23: =J99 -> 0 | O23: =K99 -> 0 | P23: =L99 -> 0 | Q23: =M99 -> 0 | R23: =N99 -> 0 | S23: =G23 -> 0 | T23: =H23 -> 0 | U23: =I23 -> 0 | V23: =J23 -> 0 | W23: =O99 -> 0 | X23: =P99 -> 0 | Y23: =Q99 -> 0 | Z23: =R99 -> 0 | AA23: =W99 -> 0 | AB23: =X99 -> 0 | AC23: =Y99 -> 0 | AD23: =Z99 -> 0 | AE23: =AA99 -> 0 | AF23: =AB99 -> 0 | AG23: =AC99 -> 0 | AH23: =AD99 -> 0 | AI23: =W23 -> 0 | AJ23: =X23 -> 0 | AK23: =Y23 -> 0 | AL23: =Z23 -> 0 | AM23: =AE99 -> 0 | AN23: =AF99 -> 0 | AO23: =AG99 -> 0 | AP23: =AH99 -> 0 | AQ23: =AM99 -> 0 | AR23: =AN99 -> 0 | AS23: =AO99 -> 0 | AT23: =AP99 -> 0 | AU23: =AQ99 -> 0 | AV23: =AR99 -> 0 | AW23: =AS99 -> 0 | AX23: =AT99 -> 0 | AY23: =AM23 -> 0 | AZ23: =AN23 -> 0 | BA23: =AO23 -> 0 | BB23: =AP23 -> 0 | BC23: =AU99 -> 0 | BD23: =AV99 -> 0 | BE23: =AW99 -> 0 | BF23: =AX99 -> 0 | BG23: =BC99 -> 0 | BH23: =BD99 -> 0 | BI23: =BE99 -> 0 | BJ23: =BF99 -> 0 | BK23: =BG99 -> 0 | BL23: =BH99 -> 0 | BM23: =BI99 -> 0 | BN23: =BJ99 -> 0 | BO23: =BC23 -> 0 | BP23: =BD23 -> 0 | BQ23: =BE23 -> 0 | BR23: =BF23 -> 0
A24: 10. NFP-CMM | C24: 0 | D24: 0 | E24: 0 | F24: 0 | G24: 0 | H24: 0 | I24: 0 | J24: =SUM(G24:I24) -> 0 | K24: =G100 -> 0 | L24: =H100 -> 0 | M24: =I100 -> 0 | N24: =J100 -> 0 | O24: =K100 -> 0 | P24: =L100 -> 0 | Q24: =M100 -> 0 | R24: =N100 -> 0 | S24: =G24 -> 0 | T24: =H24 -> 0 | U24: =I24 -> 0 | V24: =J24 -> 0 | W24: =O100 -> 0 | X24: =P100 -> 0 | Y24: =Q100 -> 0 | Z24: =R100 -> 0 | AA24: =W100 -> 0 | AB24: =X100 -> 0 | AC24: =Y100 -> 0 | AD24: =Z100 -> 0 | AE24: =AA100 -> 0 | AF24: =AB100 -> 0 | AG24: =AC100 -> 0 | AH24: =AD100 -> 0 | AI24: =W24 -> 0 | AJ24: =X24 -> 0 | AK24: =Y24 -> 0 | AL24: =Z24 -> 0 | AM24: =AE100 -> 0 | AN24: =AF100 -> 0 | AO24: =AG100 -> 0 | AP24: =AH100 -> 0 | AQ24: =AM100 -> 0 | AR24: =AN100 -> 0 | AS24: =AO100 -> 0 | AT24: =AP100 -> 0 | AU24: =AQ100 -> 0 | AV24: =AR100 -> 0 | AW24: =AS100 -> 0 | AX24: =AT100 -> 0 | AY24: =AM24 -> 0 | AZ24: =AN24 -> 0 | BA24: =AO24 -> 0 | BB24: =AP24 -> 0 | BC24: =AU100 -> 0 | BD24: =AV100 -> 0 | BE24: =AW100 -> 0 | BF24: =AX100 -> 0 | BG24: =BC100 -> 0 | BH24: =BD100 -> 0 | BI24: =BE100 -> 0 | BJ24: =BF100 -> 0 | BK24: =BG100 -> 0 | BL24: =BH100 -> 0 | BM24: =BI100 -> 0 | BN24: =BJ100 -> 0 | BO24: =BC24 -> 0 | BP24: =BD24 -> 0 | BQ24: =BE24 -> 0 | BR24: =BF24 -> 0
A25: 11. NFP-STM | C25: 0 | D25: 0 | E25: 0 | F25: 0 | G25: 0 | H25: 0 | I25: 0 | J25: =SUM(G25:I25) -> 0 | K25: =G101 -> 0 | L25: =H101 -> 0 | M25: =I101 -> 0 | N25: =J101 -> 0 | O25: =K101 -> 0 | P25: =L101 -> 0 | Q25: =M101 -> 0 | R25: =N101 -> 0 | S25: =G25 -> 0 | T25: =H25 -> 0 | U25: =I25 -> 0 | V25: =J25 -> 0 | W25: =O101 -> 0 | X25: =P101 -> 0 | Y25: =Q101 -> 0 | Z25: =R101 -> 0 | AA25: =W101 -> 0 | AB25: =X101 -> 0 | AC25: =Y101 -> 0 | AD25: =Z101 -> 0 | AE25: =AA101 -> 0 | AF25: =AB101 -> 0 | AG25: =AC101 -> 0 | AH25: =AD101 -> 0 | AI25: =W25 -> 0 | AJ25: =X25 -> 0 | AK25: =Y25 -> 0 | AL25: =Z25 -> 0 | AM25: =AE101 -> 0 | AN25: =AF101 -> 0 | AO25: =AG101 -> 0 | AP25: =AH101 -> 0 | AQ25: =AM101 -> 0 | AR25: =AN101 -> 0 | AS25: =AO101 -> 0 | AT25: =AP101 -> 0 | AU25: =AQ101 -> 0 | AV25: =AR101 -> 0 | AW25: =AS101 -> 0 | AX25: =AT101 -> 0 | AY25: =AM25 -> 0 | AZ25: =AN25 -> 0 | BA25: =AO25 -> 0 | BB25: =AP25 -> 0 | BC25: =AU101 -> 0 | BD25: =AV101 -> 0 | BE25: =AW101 -> 0 | BF25: =AX101 -> 0 | BG25: =BC101 -> 0 | BH25: =BD101 -> 0 | BI25: =BE101 -> 0 | BJ25: =BF101 -> 0 | BK25: =BG101 -> 0 | BL25: =BH101 -> 0 | BM25: =BI101 -> 0 | BN25: =BJ101 -> 0 | BO25: =BC25 -> 0 | BP25: =BD25 -> 0 | BQ25: =BE25 -> 0 | BR25: =BF25 -> 0
A26: 12. NFP-SDM | C26: 0 | D26: 0 | E26: 0 | F26: 0 | G26: 0 | H26: 0 | I26: 0 | J26: =SUM(G26:I26) -> 0 | K26: =G102 -> 0 | L26: =H102 -> 0 | M26: =I102 -> 0 | N26: =J102 -> 0 | O26: =K102 -> 0 | P26: =L102 -> 0 | Q26: =M102 -> 0 | R26: =N102 -> 0 | S26: =G26 -> 0 | T26: =H26 -> 0 | U26: =I26 -> 0 | V26: =J26 -> 0 | W26: =O102 -> 0 | X26: =P102 -> 0 | Y26: =Q102 -> 0 | Z26: =R102 -> 0 | AA26: =W102 -> 0 | AB26: =X102 -> 0 | AC26: =Y102 -> 0 | AD26: =Z102 -> 0 | AE26: =AA102 -> 0 | AF26: =AB102 -> 0 | AG26: =AC102 -> 0 | AH26: =AD102 -> 0 | AI26: =W26 -> 0 | AJ26: =X26 -> 0 | AK26: =Y26 -> 0 | AL26: =Z26 -> 0 | AM26: =AE102 -> 0 | AN26: =AF102 -> 0 | AO26: =AG102 -> 0 | AP26: =AH102 -> 0 | AQ26: =AM102 -> 0 | AR26: =AN102 -> 0 | AS26: =AO102 -> 0 | AT26: =AP102 -> 0 | AU26: =AQ102 -> 0 | AV26: =AR102 -> 0 | AW26: =AS102 -> 0 | AX26: =AT102 -> 0 | AY26: =AM26 -> 0 | AZ26: =AN26 -> 0 | BA26: =AO26 -> 0 | BB26: =AP26 -> 0 | BC26: =AU102 -> 0 | BD26: =AV102 -> 0 | BE26: =AW102 -> 0 | BF26: =AX102 -> 0 | BG26: =BC102 -> 0 | BH26: =BD102 -> 0 | BI26: =BE102 -> 0 | BJ26: =BF102 -> 0 | BK26: =BG102 -> 0 | BL26: =BH102 -> 0 | BM26: =BI102 -> 0 | BN26: =BJ102 -> 0 | BO26: =BC26 -> 0 | BP26: =BD26 -> 0 | BQ26: =BE26 -> 0 | BR26: =BF26 -> 0
A27: Total New Acceptors (Previous)
A28: 1. BTL | C28: 0 | D28: 0 | E28: 0 | F28: 0 | G28: 0 | H28: 0 | I28: 0 | J28: =SUM(G28:I28) -> 0 | K28: =G104 | L28: =H104 | M28: =I104 | N28: =J104 -> 0 | O28: =K104 | P28: =L104 | Q28: =M104 | R28: =N104 -> 0 | S28: =SUM(G28,K28,O28) -> 0 | T28: =SUM(H28,L28,P28) -> 0 | U28: =SUM(I28,M28,Q28) -> 0 | V28: =SUM(J28,N28,R28) -> 0 | W28: =O104 | X28: =P104 | Y28: =Q104 | Z28: =R104 -> 0 | AA28: =W104 | AB28: =X104 | AC28: =Y104 | AD28: =Z104 -> 0 | AE28: =AA104 | AF28: =AB104 | AG28: =AC104 | AH28: =AD104 -> 0 | AI28: =SUM(W28,AA28,AE28) -> 0 | AJ28: =SUM(X28,AB28,AF28) -> 0 | AK28: =SUM(Y28,AC28,AG28) -> 0 | AL28: =SUM(Z28,AD28,AH28) -> 0 | AM28: =AE104 | AN28: =AF104 | AO28: =AG104 | AP28: =AH104 -> 0 | AQ28: =AM104 | AR28: =AN104 | AS28: =AO104 | AT28: =AP104 -> 0 | AU28: =AQ104 | AV28: =AR104 | AW28: =AS104 | AX28: =AT104 -> 0 | AY28: =SUM(AM28,AQ28,AU28) -> 0 | AZ28: =SUM(AN28,AR28,AV28) -> 0 | BA28: =SUM(AO28,AS28,AW28) -> 0 | BB28: =SUM(AP28,AT28,AX28) -> 0 | BC28: =AU104 | BD28: =AV104 | BE28: =AW104 | BF28: =AX104 -> 0 | BG28: =BC104 | BH28: =BD104 | BI28: =BE104 | BJ28: =BF104 -> 0 | BK28: =BG104 | BL28: =BH104 | BM28: =BI104 | BN28: =BJ104 -> 0 | BO28: =SUM(BC28,BG28,BK28) -> 0 | BP28: =SUM(BD28,BH28,BL28) -> 0 | BQ28: =SUM(BE28,BI28,BM28) -> 0 | BR28: =SUM(BF28,BJ28,BN28) -> 0
A29: 2. NSV | C29: 0 | D29: 0 | E29: 0 | F29: 0 | G29: 0 | H29: 0 | I29: 0 | J29: =SUM(G29:I29) -> 0 | K29: =G105 | L29: =H105 | M29: =I105 | N29: =J105 -> 0 | O29: =K105 | P29: =L105 | Q29: =M105 | R29: =N105 -> 0 | S29: =SUM(G29,K29,O29) -> 0 | T29: =SUM(H29,L29,P29) -> 0 | U29: =SUM(I29,M29,Q29) -> 0 | V29: =SUM(J29,N29,R29) -> 0 | W29: =O105 | X29: =P105 | Y29: =Q105 | Z29: =R105 -> 0 | AA29: =W105 | AB29: =X105 | AC29: =Y105 | AD29: =Z105 -> 0 | AE29: =AA105 | AF29: =AB105 | AG29: =AC105 | AH29: =AD105 -> 0 | AI29: =SUM(W29,AA29,AE29) -> 0 | AJ29: =SUM(X29,AB29,AF29) -> 0 | AK29: =SUM(Y29,AC29,AG29) -> 0 | AL29: =SUM(Z29,AD29,AH29) -> 0 | AM29: =AE105 | AN29: =AF105 | AO29: =AG105 | AP29: =AH105 -> 0 | AQ29: =AM105 | AR29: =AN105 | AS29: =AO105 | AT29: =AP105 -> 0 | AU29: =AQ105 | AV29: =AR105 | AW29: =AS105 | AX29: =AT105 -> 0 | AY29: =SUM(AM29,AQ29,AU29) -> 0 | AZ29: =SUM(AN29,AR29,AV29) -> 0 | BA29: =SUM(AO29,AS29,AW29) -> 0 | BB29: =SUM(AP29,AT29,AX29) -> 0 | BC29: =AU105 | BD29: =AV105 | BE29: =AW105 | BF29: =AX105 -> 0 | BG29: =BC105 | BH29: =BD105 | BI29: =BE105 | BJ29: =BF105 -> 0 | BK29: =BG105 | BL29: =BH105 | BM29: =BI105 | BN29: =BJ105 -> 0 | BO29: =SUM(BC29,BG29,BK29) -> 0 | BP29: =SUM(BD29,BH29,BL29) -> 0 | BQ29: =SUM(BE29,BI29,BM29) -> 0 | BR29: =SUM(BF29,BJ29,BN29) -> 0
A30: 3. Condom | C30: 0 | D30: 0 | E30: 0 | F30: 0 | G30: 0 | H30: 0 | I30: 0 | J30: =SUM(G30:I30) -> 0 | K30: =G106 | L30: =H106 | M30: =I106 | N30: =J106 -> 0 | O30: =K106 | P30: =L106 | Q30: =M106 | R30: =N106 -> 0 | S30: =SUM(G30,K30,O30) -> 0 | T30: =SUM(H30,L30,P30) -> 0 | U30: =SUM(I30,M30,Q30) -> 0 | V30: =SUM(J30,N30,R30) -> 0 | W30: =O106 | X30: =P106 -> 1 | Y30: =Q106 | Z30: =R106 -> 1 | AA30: =W106 | AB30: =X106 | AC30: =Y106 | AD30: =Z106 -> 0 | AE30: =AA106 | AF30: =AB106 | AG30: =AC106 | AH30: =AD106 -> 0 | AI30: =SUM(W30,AA30,AE30) -> 0 | AJ30: =SUM(X30,AB30,AF30) -> 1 | AK30: =SUM(Y30,AC30,AG30) -> 0 | AL30: =SUM(Z30,AD30,AH30) -> 1 | AM30: =AE106 | AN30: =AF106 | AO30: =AG106 | AP30: =AH106 -> 0 | AQ30: =AM106 | AR30: =AN106 | AS30: =AO106 | AT30: =AP106 -> 0 | AU30: =AQ106 | AV30: =AR106 | AW30: =AS106 | AX30: =AT106 -> 0 | AY30: =SUM(AM30,AQ30,AU30) -> 0 | AZ30: =SUM(AN30,AR30,AV30) -> 0 | BA30: =SUM(AO30,AS30,AW30) -> 0 | BB30: =SUM(AP30,AT30,AX30) -> 0 | BC30: =AU106 | BD30: =AV106 | BE30: =AW106 | BF30: =AX106 -> 0 | BG30: =BC106 | BH30: =BD106 | BI30: =BE106 | BJ30: =BF106 -> 0 | BK30: =BG106 | BL30: =BH106 | BM30: =BI106 | BN30: =BJ106 -> 0 | BO30: =SUM(BC30,BG30,BK30) -> 0 | BP30: =SUM(BD30,BH30,BL30) -> 0 | BQ30: =SUM(BE30,BI30,BM30) -> 0 | BR30: =SUM(BF30,BJ30,BN30) -> 0
A31: 4. Pills | C31: 0 | D31: 0 | E31: 0 | F31: 0 | G31: =SUM(G32:G33) -> 0 | H31: =SUM(H32:H33) -> 0 | I31: =SUM(I32:I33) -> 0 | J31: =SUM(J32:J33) -> 0 | K31: =G107 -> 0 | L31: =H107 -> 0 | M31: =I107 -> 0 | N31: =J107 -> 0 | O31: =K107 -> 0 | P31: =L107 -> 0 | Q31: =M107 -> 0 | R31: =N107 -> 0 | S31: =SUM(G31,K31,O31) -> 0 | T31: =SUM(H31,L31,P31) -> 0 | U31: =SUM(I31,M31,Q31) -> 0 | V31: =SUM(J31,N31,R31) -> 0 | W31: =O107 -> 0 | X31: =P107 -> 0 | Y31: =Q107 -> 0 | Z31: =R107 -> 0 | AA31: =W107 -> 0 | AB31: =X107 -> 0 | AC31: =Y107 -> 0 | AD31: =Z107 -> 0 | AE31: =AA107 -> 0 | AF31: =AB107 -> 0 | AG31: =AC107 -> 0 | AH31: =AD107 -> 0 | AI31: =SUM(W31,AA31,AE31) -> 0 | AJ31: =SUM(X31,AB31,AF31) -> 0 | AK31: =SUM(Y31,AC31,AG31) -> 0 | AL31: =SUM(Z31,AD31,AH31) -> 0 | AM31: =AE107 -> 0 | AN31: =AF107 -> 0 | AO31: =AG107 -> 0 | AP31: =AH107 -> 0 | AQ31: =AM107 -> 0 | AR31: =AN107 -> 0 | AS31: =AO107 -> 0 | AT31: =AP107 -> 0 | AU31: =AQ107 -> 0 | AV31: =AR107 -> 0 | AW31: =AS107 -> 0 | AX31: =AT107 -> 0 | AY31: =SUM(AM31,AQ31,AU31) -> 0 | AZ31: =SUM(AN31,AR31,AV31) -> 0 | BA31: =SUM(AO31,AS31,AW31) -> 0 | BB31: =SUM(AP31,AT31,AX31) -> 0 | BC31: =AU107 -> 0 | BD31: =AV107 -> 0 | BE31: =AW107 -> 0 | BF31: =AX107 -> 0 | BG31: =BC107 -> 0 | BH31: =BD107 -> 0 | BI31: =BE107 -> 0 | BJ31: =BF107 -> 0 | BK31: =BG107 -> 0 | BL31: =BH107 -> 0 | BM31: =BI107 -> 0 | BN31: =BJ107 -> 0 | BO31: =SUM(BC31,BG31,BK31) -> 0 | BP31: =SUM(BD31,BH31,BL31) -> 0 | BQ31: =SUM(BE31,BI31,BM31) -> 0 | BR31: =SUM(BF31,BJ31,BN31) -> 0
A32: a. Pills-POP | C32: 0 | D32: 0 | E32: 0 | F32: 0 | G32: 0 | H32: 0 | I32: 0 | J32: =SUM(G32:I32) -> 0 | K32: =G108 | L32: =H108 | M32: =I108 | N32: =J108 -> 0 | O32: =K108 | P32: =L108 | Q32: =M108 | R32: =N108 -> 0 | S32: =SUM(G32,K32,O32) -> 0 | T32: =SUM(H32,L32,P32) -> 0 | U32: =SUM(I32,M32,Q32) -> 0 | V32: =SUM(J32,N32,R32) -> 0 | W32: =O108 | X32: =P108 | Y32: =Q108 | Z32: =R108 -> 0 | AA32: =W108 | AB32: =X108 | AC32: =Y108 | AD32: =Z108 -> 0 | AE32: =AA108 | AF32: =AB108 | AG32: =AC108 | AH32: =AD108 -> 0 | AI32: =SUM(W32,AA32,AE32) -> 0 | AJ32: =SUM(X32,AB32,AF32) -> 0 | AK32: =SUM(Y32,AC32,AG32) -> 0 | AL32: =SUM(Z32,AD32,AH32) -> 0 | AM32: =AE108 | AN32: =AF108 | AO32: =AG108 | AP32: =AH108 -> 0 | AQ32: =AM108 | AR32: =AN108 | AS32: =AO108 | AT32: =AP108 -> 0 | AU32: =AQ108 | AV32: =AR108 | AW32: =AS108 | AX32: =AT108 -> 0 | AY32: =SUM(AM32,AQ32,AU32) -> 0 | AZ32: =SUM(AN32,AR32,AV32) -> 0 | BA32: =SUM(AO32,AS32,AW32) -> 0 | BB32: =SUM(AP32,AT32,AX32) -> 0 | BC32: =AU108 | BD32: =AV108 | BE32: =AW108 | BF32: =AX108 -> 0 | BG32: =BC108 | BH32: =BD108 | BI32: =BE108 | BJ32: =BF108 -> 0 | BK32: =BG108 | BL32: =BH108 | BM32: =BI108 | BN32: =BJ108 -> 0 | BO32: =SUM(BC32,BG32,BK32) -> 0 | BP32: =SUM(BD32,BH32,BL32) -> 0 | BQ32: =SUM(BE32,BI32,BM32) -> 0 | BR32: =SUM(BF32,BJ32,BN32) -> 0
A33: b. Pills-COC | C33: 0 | D33: 0 | E33: 0 | F33: 0 | G33: 0 | H33: 0 | I33: 0 | J33: =SUM(G33:I33) -> 0 | K33: =G109 | L33: =H109 | M33: =I109 | N33: =J109 -> 0 | O33: =K109 | P33: =L109 | Q33: =M109 | R33: =N109 -> 0 | S33: =SUM(G33,K33,O33) -> 0 | T33: =SUM(H33,L33,P33) -> 0 | U33: =SUM(I33,M33,Q33) -> 0 | V33: =SUM(J33,N33,R33) -> 0 | W33: =O109 | X33: =P109 | Y33: =Q109 | Z33: =R109 -> 0 | AA33: =W109 | AB33: =X109 | AC33: =Y109 | AD33: =Z109 -> 0 | AE33: =AA109 | AF33: =AB109 | AG33: =AC109 | AH33: =AD109 -> 0 | AI33: =SUM(W33,AA33,AE33) -> 0 | AJ33: =SUM(X33,AB33,AF33) -> 0 | AK33: =SUM(Y33,AC33,AG33) -> 0 | AL33: =SUM(Z33,AD33,AH33) -> 0 | AM33: =AE109 | AN33: =AF109 | AO33: =AG109 | AP33: =AH109 -> 0 | AQ33: =AM109 | AR33: =AN109 | AS33: =AO109 | AT33: =AP109 -> 0 | AU33: =AQ109 | AV33: =AR109 | AW33: =AS109 | AX33: =AT109 -> 0 | AY33: =SUM(AM33,AQ33,AU33) -> 0 | AZ33: =SUM(AN33,AR33,AV33) -> 0 | BA33: =SUM(AO33,AS33,AW33) -> 0 | BB33: =SUM(AP33,AT33,AX33) -> 0 | BC33: =AU109 | BD33: =AV109 | BE33: =AW109 | BF33: =AX109 -> 0 | BG33: =BC109 | BH33: =BD109 | BI33: =BE109 | BJ33: =BF109 -> 0 | BK33: =BG109 | BL33: =BH109 | BM33: =BI109 | BN33: =BJ109 -> 0 | BO33: =SUM(BC33,BG33,BK33) -> 0 | BP33: =SUM(BD33,BH33,BL33) -> 0 | BQ33: =SUM(BE33,BI33,BM33) -> 0 | BR33: =SUM(BF33,BJ33,BN33) -> 0
A34: 5. Injectables (DMPA/POI) | C34: 0 | D34: 0 | E34: 0 | F34: 0 | G34: 0 | H34: 0 | I34: 0 | J34: =SUM(G34:I34) -> 0 | K34: =G110 | L34: =H110 | M34: =I110 | N34: =J110 -> 0 | O34: =K110 | P34: =L110 | Q34: =M110 | R34: =N110 -> 0 | S34: =SUM(G34,K34,O34) -> 0 | T34: =SUM(H34,L34,P34) -> 0 | U34: =SUM(I34,M34,Q34) -> 0 | V34: =SUM(J34,N34,R34) -> 0 | W34: =O110 | X34: =P110 | Y34: =Q110 | Z34: =R110 -> 0 | AA34: =W110 | AB34: =X110 | AC34: =Y110 | AD34: =Z110 -> 0 | AE34: =AA110 | AF34: =AB110 | AG34: =AC110 | AH34: =AD110 -> 0 | AI34: =SUM(W34,AA34,AE34) -> 0 | AJ34: =SUM(X34,AB34,AF34) -> 0 | AK34: =SUM(Y34,AC34,AG34) -> 0 | AL34: =SUM(Z34,AD34,AH34) -> 0 | AM34: =AE110 | AN34: =AF110 | AO34: =AG110 | AP34: =AH110 -> 0 | AQ34: =AM110 | AR34: =AN110 | AS34: =AO110 | AT34: =AP110 -> 0 | AU34: =AQ110 | AV34: =AR110 -> 1 | AW34: =AS110 | AX34: =AT110 -> 1 | AY34: =SUM(AM34,AQ34,AU34) -> 0 | AZ34: =SUM(AN34,AR34,AV34) -> 1 | BA34: =SUM(AO34,AS34,AW34) -> 0 | BB34: =SUM(AP34,AT34,AX34) -> 1 | BC34: =AU110 | BD34: =AV110 | BE34: =AW110 | BF34: =AX110 -> 0 | BG34: =BC110 | BH34: =BD110 | BI34: =BE110 | BJ34: =BF110 -> 0 | BK34: =BG110 | BL34: =BH110 | BM34: =BI110 | BN34: =BJ110 -> 0 | BO34: =SUM(BC34,BG34,BK34) -> 0 | BP34: =SUM(BD34,BH34,BL34) -> 0 | BQ34: =SUM(BE34,BI34,BM34) -> 0 | BR34: =SUM(BF34,BJ34,BN34) -> 0
A35: 6. Implant | C35: 0 | D35: 0 | E35: 0 | F35: 0 | G35: =SUM(G36:G37) -> 0 | H35: =SUM(H36:H37) -> 0 | I35: =SUM(I36:I37) -> 0 | J35: =SUM(J36:J37) -> 0 | K35: =G111 -> 0 | L35: =H111 -> 0 | M35: =I111 -> 0 | N35: =J111 -> 0 | O35: =K111 -> 0 | P35: =L111 -> 0 | Q35: =M111 -> 0 | R35: =N111 -> 0 | S35: =SUM(G35,K35,O35) -> 0 | T35: =SUM(H35,L35,P35) -> 0 | U35: =SUM(I35,M35,Q35) -> 0 | V35: =SUM(J35,N35,R35) -> 0 | W35: =O111 -> 0 | X35: =P111 -> 0 | Y35: =Q111 -> 0 | Z35: =R111 -> 0 | AA35: =W111 -> 0 | AB35: =X111 -> 0 | AC35: =Y111 -> 0 | AD35: =Z111 -> 0 | AE35: =AA111 -> 0 | AF35: =AB111 -> 0 | AG35: =AC111 -> 0 | AH35: =AD111 -> 0 | AI35: =SUM(W35,AA35,AE35) -> 0 | AJ35: =SUM(X35,AB35,AF35) -> 0 | AK35: =SUM(Y35,AC35,AG35) -> 0 | AL35: =SUM(Z35,AD35,AH35) -> 0 | AM35: =AE111 -> 0 | AN35: =AF111 -> 0 | AO35: =AG111 -> 0 | AP35: =AH111 -> 0 | AQ35: =AM111 -> 0 | AR35: =AN111 -> 0 | AS35: =AO111 -> 0 | AT35: =AP111 -> 0 | AU35: =AQ111 -> 0 | AV35: =AR111 -> 0 | AW35: =AS111 -> 0 | AX35: =AT111 -> 0 | AY35: =SUM(AM35,AQ35,AU35) -> 0 | AZ35: =SUM(AN35,AR35,AV35) -> 0 | BA35: =SUM(AO35,AS35,AW35) -> 0 | BB35: =SUM(AP35,AT35,AX35) -> 0 | BC35: =AU111 -> 0 | BD35: =AV111 -> 0 | BE35: =AW111 -> 0 | BF35: =AX111 -> 0 | BG35: =BC111 -> 0 | BH35: =BD111 -> 0 | BI35: =BE111 -> 0 | BJ35: =BF111 -> 0 | BK35: =BG111 -> 0 | BL35: =BH111 -> 0 | BM35: =BI111 -> 0 | BN35: =BJ111 -> 0 | BO35: =SUM(BC35,BG35,BK35) -> 0 | BP35: =SUM(BD35,BH35,BL35) -> 0 | BQ35: =SUM(BE35,BI35,BM35) -> 0 | BR35: =SUM(BF35,BJ35,BN35) -> 0
A36: a. Implant-Interval | C36: 0 | D36: 0 | E36: 0 | F36: 0 | G36: 0 | H36: 0 | I36: 0 | J36: =SUM(G36:I36) -> 0 | K36: =G112 | L36: =H112 | M36: =I112 | N36: =J112 -> 0 | O36: =K112 | P36: =L112 | Q36: =M112 | R36: =N112 -> 0 | S36: =SUM(G36,K36,O36) -> 0 | T36: =SUM(H36,L36,P36) -> 0 | U36: =SUM(I36,M36,Q36) -> 0 | V36: =SUM(J36,N36,R36) -> 0 | W36: =O112 | X36: =P112 | Y36: =Q112 | Z36: =R112 -> 0 | AA36: =W112 | AB36: =X112 | AC36: =Y112 | AD36: =Z112 -> 0 | AE36: =AA112 | AF36: =AB112 | AG36: =AC112 | AH36: =AD112 -> 0 | AI36: =SUM(W36,AA36,AE36) -> 0 | AJ36: =SUM(X36,AB36,AF36) -> 0 | AK36: =SUM(Y36,AC36,AG36) -> 0 | AL36: =SUM(Z36,AD36,AH36) -> 0 | AM36: =AE112 | AN36: =AF112 | AO36: =AG112 | AP36: =AH112 -> 0 | AQ36: =AM112 | AR36: =AN112 | AS36: =AO112 | AT36: =AP112 -> 0 | AU36: =AQ112 | AV36: =AR112 | AW36: =AS112 | AX36: =AT112 -> 0 | AY36: =SUM(AM36,AQ36,AU36) -> 0 | AZ36: =SUM(AN36,AR36,AV36) -> 0 | BA36: =SUM(AO36,AS36,AW36) -> 0 | BB36: =SUM(AP36,AT36,AX36) -> 0 | BC36: =AU112 | BD36: =AV112 | BE36: =AW112 | BF36: =AX112 -> 0 | BG36: =BC112 | BH36: =BD112 | BI36: =BE112 | BJ36: =BF112 -> 0 | BK36: =BG112 | BL36: =BH112 | BM36: =BI112 | BN36: =BJ112 -> 0 | BO36: =SUM(BC36,BG36,BK36) -> 0 | BP36: =SUM(BD36,BH36,BL36) -> 0 | BQ36: =SUM(BE36,BI36,BM36) -> 0 | BR36: =SUM(BF36,BJ36,BN36) -> 0
A37: b. Implant-PP | C37: 0 | D37: 0 | E37: 0 | F37: 0 | G37: 0 | H37: 0 | I37: 0 | J37: =SUM(G37:I37) -> 0 | K37: =G113 | L37: =H113 | M37: =I113 | N37: =J113 -> 0 | O37: =K113 | P37: =L113 | Q37: =M113 | R37: =N113 -> 0 | S37: =SUM(G37,K37,O37) -> 0 | T37: =SUM(H37,L37,P37) -> 0 | U37: =SUM(I37,M37,Q37) -> 0 | V37: =SUM(J37,N37,R37) -> 0 | W37: =O113 | X37: =P113 | Y37: =Q113 | Z37: =R113 -> 0 | AA37: =W113 | AB37: =X113 | AC37: =Y113 | AD37: =Z113 -> 0 | AE37: =AA113 | AF37: =AB113 | AG37: =AC113 | AH37: =AD113 -> 0 | AI37: =SUM(W37,AA37,AE37) -> 0 | AJ37: =SUM(X37,AB37,AF37) -> 0 | AK37: =SUM(Y37,AC37,AG37) -> 0 | AL37: =SUM(Z37,AD37,AH37) -> 0 | AM37: =AE113 | AN37: =AF113 | AO37: =AG113 | AP37: =AH113 -> 0 | AQ37: =AM113 | AR37: =AN113 | AS37: =AO113 | AT37: =AP113 -> 0 | AU37: =AQ113 | AV37: =AR113 | AW37: =AS113 | AX37: =AT113 -> 0 | AY37: =SUM(AM37,AQ37,AU37) -> 0 | AZ37: =SUM(AN37,AR37,AV37) -> 0 | BA37: =SUM(AO37,AS37,AW37) -> 0 | BB37: =SUM(AP37,AT37,AX37) -> 0 | BC37: =AU113 | BD37: =AV113 | BE37: =AW113 | BF37: =AX113 -> 0 | BG37: =BC113 | BH37: =BD113 | BI37: =BE113 | BJ37: =BF113 -> 0 | BK37: =BG113 | BL37: =BH113 | BM37: =BI113 | BN37: =BJ113 -> 0 | BO37: =SUM(BC37,BG37,BK37) -> 0 | BP37: =SUM(BD37,BH37,BL37) -> 0 | BQ37: =SUM(BE37,BI37,BM37) -> 0 | BR37: =SUM(BF37,BJ37,BN37) -> 0
A38: 7. IUD | C38: 0 | D38: 0 | E38: 0 | F38: 0 | G38: =SUM(G39:G40) -> 0 | H38: =SUM(H39:H40) -> 0 | I38: =SUM(I39:I40) -> 0 | J38: =SUM(J39:J40) -> 0 | K38: =G114 -> 0 | L38: =H114 -> 0 | M38: =I114 -> 0 | N38: =J114 -> 0 | O38: =K114 -> 0 | P38: =L114 -> 0 | Q38: =M114 -> 0 | R38: =N114 -> 0 | S38: =SUM(G38,K38,O38) -> 0 | T38: =SUM(H38,L38,P38) -> 0 | U38: =SUM(I38,M38,Q38) -> 0 | V38: =SUM(J38,N38,R38) -> 0 | W38: =O114 -> 0 | X38: =P114 -> 0 | Y38: =Q114 -> 0 | Z38: =R114 -> 0 | AA38: =W114 -> 0 | AB38: =X114 -> 0 | AC38: =Y114 -> 0 | AD38: =Z114 -> 0 | AE38: =AA114 -> 0 | AF38: =AB114 -> 0 | AG38: =AC114 -> 0 | AH38: =AD114 -> 0 | AI38: =SUM(W38,AA38,AE38) -> 0 | AJ38: =SUM(X38,AB38,AF38) -> 0 | AK38: =SUM(Y38,AC38,AG38) -> 0 | AL38: =SUM(Z38,AD38,AH38) -> 0 | AM38: =AE114 -> 0 | AN38: =AF114 -> 0 | AO38: =AG114 -> 0 | AP38: =AH114 -> 0 | AQ38: =AM114 -> 0 | AR38: =AN114 -> 0 | AS38: =AO114 -> 0 | AT38: =AP114 -> 0 | AU38: =AQ114 -> 0 | AV38: =AR114 -> 0 | AW38: =AS114 -> 0 | AX38: =AT114 -> 0 | AY38: =SUM(AM38,AQ38,AU38) -> 0 | AZ38: =SUM(AN38,AR38,AV38) -> 0 | BA38: =SUM(AO38,AS38,AW38) -> 0 | BB38: =SUM(AP38,AT38,AX38) -> 0 | BC38: =AU114 -> 0 | BD38: =AV114 -> 0 | BE38: =AW114 -> 0 | BF38: =AX114 -> 0 | BG38: =BC114 -> 0 | BH38: =BD114 -> 0 | BI38: =BE114 -> 0 | BJ38: =BF114 -> 0 | BK38: =BG114 -> 0 | BL38: =BH114 -> 0 | BM38: =BI114 -> 0 | BN38: =BJ114 -> 0 | BO38: =SUM(BC38,BG38,BK38) -> 0 | BP38: =SUM(BD38,BH38,BL38) -> 0 | BQ38: =SUM(BE38,BI38,BM38) -> 0 | BR38: =SUM(BF38,BJ38,BN38) -> 0
A39: a. IUD-Interval | C39: 0 | D39: 0 | E39: 0 | F39: 0 | G39: 0 | H39: 0 | I39: 0 | J39: =SUM(G39:I39) -> 0 | K39: =G115 | L39: =H115 | M39: =I115 | N39: =J115 -> 0 | O39: =K115 | P39: =L115 | Q39: =M115 | R39: =N115 -> 0 | S39: =SUM(G39,K39,O39) -> 0 | T39: =SUM(H39,L39,P39) -> 0 | U39: =SUM(I39,M39,Q39) -> 0 | V39: =SUM(J39,N39,R39) -> 0 | W39: =O115 | X39: =P115 | Y39: =Q115 | Z39: =R115 -> 0 | AA39: =W115 | AB39: =X115 | AC39: =Y115 | AD39: =Z115 -> 0 | AE39: =AA115 | AF39: =AB115 | AG39: =AC115 | AH39: =AD115 -> 0 | AI39: =SUM(W39,AA39,AE39) -> 0 | AJ39: =SUM(X39,AB39,AF39) -> 0 | AK39: =SUM(Y39,AC39,AG39) -> 0 | AL39: =SUM(Z39,AD39,AH39) -> 0 | AM39: =AE115 | AN39: =AF115 | AO39: =AG115 | AP39: =AH115 -> 0 | AQ39: =AM115 | AR39: =AN115 | AS39: =AO115 | AT39: =AP115 -> 0 | AU39: =AQ115 | AV39: =AR115 | AW39: =AS115 | AX39: =AT115 -> 0 | AY39: =SUM(AM39,AQ39,AU39) -> 0 | AZ39: =SUM(AN39,AR39,AV39) -> 0 | BA39: =SUM(AO39,AS39,AW39) -> 0 | BB39: =SUM(AP39,AT39,AX39) -> 0 | BC39: =AU115 | BD39: =AV115 | BE39: =AW115 | BF39: =AX115 -> 0 | BG39: =BC115 | BH39: =BD115 | BI39: =BE115 | BJ39: =BF115 -> 0 | BK39: =BG115 | BL39: =BH115 | BM39: =BI115 | BN39: =BJ115 -> 0 | BO39: =SUM(BC39,BG39,BK39) -> 0 | BP39: =SUM(BD39,BH39,BL39) -> 0 | BQ39: =SUM(BE39,BI39,BM39) -> 0 | BR39: =SUM(BF39,BJ39,BN39) -> 0
A40: b. IUD-PP | C40: 0 | D40: 0 | E40: 0 | F40: 0 | G40: 0 | H40: 0 | I40: 0 | J40: =SUM(G40:I40) -> 0 | K40: =G116 | L40: =H116 | M40: =I116 | N40: =J116 -> 0 | O40: =K116 | P40: =L116 | Q40: =M116 | R40: =N116 -> 0 | S40: =SUM(G40,K40,O40) -> 0 | T40: =SUM(H40,L40,P40) -> 0 | U40: =SUM(I40,M40,Q40) -> 0 | V40: =SUM(J40,N40,R40) -> 0 | W40: =O116 | X40: =P116 | Y40: =Q116 | Z40: =R116 -> 0 | AA40: =W116 | AB40: =X116 | AC40: =Y116 | AD40: =Z116 -> 0 | AE40: =AA116 | AF40: =AB116 | AG40: =AC116 | AH40: =AD116 -> 0 | AI40: =SUM(W40,AA40,AE40) -> 0 | AJ40: =SUM(X40,AB40,AF40) -> 0 | AK40: =SUM(Y40,AC40,AG40) -> 0 | AL40: =SUM(Z40,AD40,AH40) -> 0 | AM40: =AE116 | AN40: =AF116 | AO40: =AG116 | AP40: =AH116 -> 0 | AQ40: =AM116 | AR40: =AN116 | AS40: =AO116 | AT40: =AP116 -> 0 | AU40: =AQ116 | AV40: =AR116 | AW40: =AS116 | AX40: =AT116 -> 0 | AY40: =SUM(AM40,AQ40,AU40) -> 0 | AZ40: =SUM(AN40,AR40,AV40) -> 0 | BA40: =SUM(AO40,AS40,AW40) -> 0 | BB40: =SUM(AP40,AT40,AX40) -> 0 | BC40: =AU116 | BD40: =AV116 | BE40: =AW116 | BF40: =AX116 -> 0 | BG40: =BC116 | BH40: =BD116 | BI40: =BE116 | BJ40: =BF116 -> 0 | BK40: =BG116 | BL40: =BH116 | BM40: =BI116 | BN40: =BJ116 -> 0 | BO40: =SUM(BC40,BG40,BK40) -> 0 | BP40: =SUM(BD40,BH40,BL40) -> 0 | BQ40: =SUM(BE40,BI40,BM40) -> 0 | BR40: =SUM(BF40,BJ40,BN40) -> 0
A41: 8. NFP-LAM | C41: 0 | D41: 0 | E41: 4 | F41: 4 | G41: 0 | H41: 0 | I41: 0 | J41: =SUM(G41:I41) -> 0 | K41: =G117 | L41: =H117 | M41: =I117 -> 2 | N41: =J117 -> 2 | O41: =K117 | P41: =L117 | Q41: =M117 | R41: =N117 -> 0 | S41: =SUM(G41,K41,O41) -> 0 | T41: =SUM(H41,L41,P41) -> 0 | U41: =SUM(I41,M41,Q41) -> 2 | V41: =SUM(J41,N41,R41) -> 2 | W41: =O117 | X41: =P117 | Y41: =Q117 | Z41: =R117 -> 0 | AA41: =W117 | AB41: =X117 | AC41: =Y117 | AD41: =Z117 -> 0 | AE41: =AA117 | AF41: =AB117 | AG41: =AC117 | AH41: =AD117 -> 0 | AI41: =SUM(W41,AA41,AE41) -> 0 | AJ41: =SUM(X41,AB41,AF41) -> 0 | AK41: =SUM(Y41,AC41,AG41) -> 0 | AL41: =SUM(Z41,AD41,AH41) -> 0 | AM41: =AE117 | AN41: =AF117 -> 1 | AO41: =AG117 | AP41: =AH117 -> 1 | AQ41: =AM117 | AR41: =AN117 | AS41: =AO117 -> 2 | AT41: =AP117 -> 2 | AU41: =AQ117 | AV41: =AR117 | AW41: =AS117 -> 5 | AX41: =AT117 -> 5 | AY41: =SUM(AM41,AQ41,AU41) -> 0 | AZ41: =SUM(AN41,AR41,AV41) -> 1 | BA41: =SUM(AO41,AS41,AW41) -> 7 | BB41: =SUM(AP41,AT41,AX41) -> 8 | BC41: =AU117 | BD41: =AV117 | BE41: =AW117 -> 1 | BF41: =AX117 -> 1 | BG41: =BC117 | BH41: =BD117 | BI41: =BE117 -> 2 | BJ41: =BF117 -> 2 | BK41: =BG117 | BL41: =BH117 | BM41: =BI117 -> 1 | BN41: =BJ117 -> 1 | BO41: =SUM(BC41,BG41,BK41) -> 0 | BP41: =SUM(BD41,BH41,BL41) -> 0 | BQ41: =SUM(BE41,BI41,BM41) -> 4 | BR41: =SUM(BF41,BJ41,BN41) -> 4
A42: 9. NFP-BBT | C42: 0 | D42: 0 | E42: 0 | F42: 0 | G42: 0 | H42: 0 | I42: 0 | J42: =SUM(G42:I42) -> 0 | K42: =G118 | L42: =H118 | M42: =I118 | N42: =J118 -> 0 | O42: =K118 | P42: =L118 | Q42: =M118 | R42: =N118 -> 0 | S42: =SUM(G42,K42,O42) -> 0 | T42: =SUM(H42,L42,P42) -> 0 | U42: =SUM(I42,M42,Q42) -> 0 | V42: =SUM(J42,N42,R42) -> 0 | W42: =O118 | X42: =P118 | Y42: =Q118 | Z42: =R118 -> 0 | AA42: =W118 | AB42: =X118 | AC42: =Y118 | AD42: =Z118 -> 0 | AE42: =AA118 | AF42: =AB118 | AG42: =AC118 | AH42: =AD118 -> 0 | AI42: =SUM(W42,AA42,AE42) -> 0 | AJ42: =SUM(X42,AB42,AF42) -> 0 | AK42: =SUM(Y42,AC42,AG42) -> 0 | AL42: =SUM(Z42,AD42,AH42) -> 0 | AM42: =AE118 | AN42: =AF118 | AO42: =AG118 | AP42: =AH118 -> 0 | AQ42: =AM118 | AR42: =AN118 | AS42: =AO118 | AT42: =AP118 -> 0 | AU42: =AQ118 | AV42: =AR118 | AW42: =AS118 | AX42: =AT118 -> 0 | AY42: =SUM(AM42,AQ42,AU42) -> 0 | AZ42: =SUM(AN42,AR42,AV42) -> 0 | BA42: =SUM(AO42,AS42,AW42) -> 0 | BB42: =SUM(AP42,AT42,AX42) -> 0 | BC42: =AU118 | BD42: =AV118 | BE42: =AW118 | BF42: =AX118 -> 0 | BG42: =BC118 | BH42: =BD118 | BI42: =BE118 | BJ42: =BF118 -> 0 | BK42: =BG118 | BL42: =BH118 | BM42: =BI118 | BN42: =BJ118 -> 0 | BO42: =SUM(BC42,BG42,BK42) -> 0 | BP42: =SUM(BD42,BH42,BL42) -> 0 | BQ42: =SUM(BE42,BI42,BM42) -> 0 | BR42: =SUM(BF42,BJ42,BN42) -> 0
A43: 10. NFP-CMM | C43: 0 | D43: 0 | E43: 0 | F43: 0 | G43: 0 | H43: 0 | I43: 0 | J43: =SUM(G43:I43) -> 0 | K43: =G119 | L43: =H119 | M43: =I119 | N43: =J119 -> 0 | O43: =K119 | P43: =L119 | Q43: =M119 | R43: =N119 -> 0 | S43: =SUM(G43,K43,O43) -> 0 | T43: =SUM(H43,L43,P43) -> 0 | U43: =SUM(I43,M43,Q43) -> 0 | V43: =SUM(J43,N43,R43) -> 0 | W43: =O119 | X43: =P119 | Y43: =Q119 | Z43: =R119 -> 0 | AA43: =W119 | AB43: =X119 | AC43: =Y119 | AD43: =Z119 -> 0 | AE43: =AA119 | AF43: =AB119 | AG43: =AC119 | AH43: =AD119 -> 0 | AI43: =SUM(W43,AA43,AE43) -> 0 | AJ43: =SUM(X43,AB43,AF43) -> 0 | AK43: =SUM(Y43,AC43,AG43) -> 0 | AL43: =SUM(Z43,AD43,AH43) -> 0 | AM43: =AE119 | AN43: =AF119 | AO43: =AG119 | AP43: =AH119 -> 0 | AQ43: =AM119 | AR43: =AN119 | AS43: =AO119 | AT43: =AP119 -> 0 | AU43: =AQ119 | AV43: =AR119 | AW43: =AS119 | AX43: =AT119 -> 0 | AY43: =SUM(AM43,AQ43,AU43) -> 0 | AZ43: =SUM(AN43,AR43,AV43) -> 0 | BA43: =SUM(AO43,AS43,AW43) -> 0 | BB43: =SUM(AP43,AT43,AX43) -> 0 | BC43: =AU119 | BD43: =AV119 | BE43: =AW119 | BF43: =AX119 -> 0 | BG43: =BC119 | BH43: =BD119 | BI43: =BE119 | BJ43: =BF119 -> 0 | BK43: =BG119 | BL43: =BH119 | BM43: =BI119 | BN43: =BJ119 -> 0 | BO43: =SUM(BC43,BG43,BK43) -> 0 | BP43: =SUM(BD43,BH43,BL43) -> 0 | BQ43: =SUM(BE43,BI43,BM43) -> 0 | BR43: =SUM(BF43,BJ43,BN43) -> 0
A44: 11. NFP-STM | C44: 0 | D44: 0 | E44: 0 | F44: 0 | G44: 0 | H44: 0 | I44: 0 | J44: =SUM(G44:I44) -> 0 | K44: =G120 | L44: =H120 | M44: =I120 | N44: =J120 -> 0 | O44: =K120 | P44: =L120 | Q44: =M120 | R44: =N120 -> 0 | S44: =SUM(G44,K44,O44) -> 0 | T44: =SUM(H44,L44,P44) -> 0 | U44: =SUM(I44,M44,Q44) -> 0 | V44: =SUM(J44,N44,R44) -> 0 | W44: =O120 | X44: =P120 | Y44: =Q120 | Z44: =R120 -> 0 | AA44: =W120 | AB44: =X120 | AC44: =Y120 | AD44: =Z120 -> 0 | AE44: =AA120 | AF44: =AB120 | AG44: =AC120 | AH44: =AD120 -> 0 | AI44: =SUM(W44,AA44,AE44) -> 0 | AJ44: =SUM(X44,AB44,AF44) -> 0 | AK44: =SUM(Y44,AC44,AG44) -> 0 | AL44: =SUM(Z44,AD44,AH44) -> 0 | AM44: =AE120 | AN44: =AF120 | AO44: =AG120 | AP44: =AH120 -> 0 | AQ44: =AM120 | AR44: =AN120 | AS44: =AO120 | AT44: =AP120 -> 0 | AU44: =AQ120 | AV44: =AR120 | AW44: =AS120 | AX44: =AT120 -> 0 | AY44: =SUM(AM44,AQ44,AU44) -> 0 | AZ44: =SUM(AN44,AR44,AV44) -> 0 | BA44: =SUM(AO44,AS44,AW44) -> 0 | BB44: =SUM(AP44,AT44,AX44) -> 0 | BC44: =AU120 | BD44: =AV120 | BE44: =AW120 | BF44: =AX120 -> 0 | BG44: =BC120 | BH44: =BD120 | BI44: =BE120 | BJ44: =BF120 -> 0 | BK44: =BG120 | BL44: =BH120 | BM44: =BI120 | BN44: =BJ120 -> 0 | BO44: =SUM(BC44,BG44,BK44) -> 0 | BP44: =SUM(BD44,BH44,BL44) -> 0 | BQ44: =SUM(BE44,BI44,BM44) -> 0 | BR44: =SUM(BF44,BJ44,BN44) -> 0
A45: 12. NFP-SDM | C45: 0 | D45: 0 | E45: 0 | F45: 0 | G45: 0 | H45: 0 | I45: 0 | J45: =SUM(G45:I45) -> 0 | K45: =G121 | L45: =H121 | M45: =I121 | N45: =J121 -> 0 | O45: =K121 | P45: =L121 | Q45: =M121 | R45: =N121 -> 0 | S45: =SUM(G45,K45,O45) -> 0 | T45: =SUM(H45,L45,P45) -> 0 | U45: =SUM(I45,M45,Q45) -> 0 | V45: =SUM(J45,N45,R45) -> 0 | W45: =O121 | X45: =P121 | Y45: =Q121 | Z45: =R121 -> 0 | AA45: =W121 | AB45: =X121 | AC45: =Y121 | AD45: =Z121 -> 0 | AE45: =AA121 | AF45: =AB121 | AG45: =AC121 | AH45: =AD121 -> 0 | AI45: =SUM(W45,AA45,AE45) -> 0 | AJ45: =SUM(X45,AB45,AF45) -> 0 | AK45: =SUM(Y45,AC45,AG45) -> 0 | AL45: =SUM(Z45,AD45,AH45) -> 0 | AM45: =AE121 | AN45: =AF121 | AO45: =AG121 | AP45: =AH121 -> 0 | AQ45: =AM121 | AR45: =AN121 | AS45: =AO121 | AT45: =AP121 -> 0 | AU45: =AQ121 | AV45: =AR121 | AW45: =AS121 | AX45: =AT121 -> 0 | AY45: =SUM(AM45,AQ45,AU45) -> 0 | AZ45: =SUM(AN45,AR45,AV45) -> 0 | BA45: =SUM(AO45,AS45,AW45) -> 0 | BB45: =SUM(AP45,AT45,AX45) -> 0 | BC45: =AU121 | BD45: =AV121 | BE45: =AW121 | BF45: =AX121 -> 0 | BG45: =BC121 | BH45: =BD121 | BI45: =BE121 | BJ45: =BF121 -> 0 | BK45: =BG121 | BL45: =BH121 | BM45: =BI121 | BN45: =BJ121 -> 0 | BO45: =SUM(BC45,BG45,BK45) -> 0 | BP45: =SUM(BD45,BH45,BL45) -> 0 | BQ45: =SUM(BE45,BI45,BM45) -> 0 | BR45: =SUM(BF45,BJ45,BN45) -> 0
A46: Total Other Acceptors (Present)
A47: 1. BTL | C47: 0 | D47: 0 | E47: 0 | F47: 0 | G47: 0 | H47: 0 | I47: 0 | J47: =SUM(G47:I47) -> 0 | K47: 0 | L47: 0 | M47: 0 | N47: =SUM(K47:M47) -> 0 | O47: 0 | P47: 0 | Q47: 0 | R47: =SUM(O47:Q47) -> 0 | S47: =SUM(G47,K47,O47) -> 0 | T47: =SUM(H47,L47,P47) -> 0 | U47: =SUM(I47,M47,Q47) -> 0 | V47: =SUM(J47,N47,R47) -> 0 | W47: 0 | X47: 0 | Y47: 0 | Z47: =SUM(W47:Y47) -> 0 | AA47: 0 | AB47: 0 | AC47: 0 | AD47: =SUM(AA47:AC47) -> 0 | AE47: 0 | AF47: 0 | AG47: 0 | AH47: =SUM(AE47:AG47) -> 0 | AI47: =SUM(W47,AA47,AE47) -> 0 | AJ47: =SUM(X47,AB47,AF47) -> 0 | AK47: =SUM(Y47,AC47,AG47) -> 0 | AL47: =SUM(Z47,AD47,AH47) -> 0 | AP47: =SUM(AM47:AO47) -> 0 | AT47: =SUM(AQ47:AS47) -> 0 | AX47: =SUM(AU47:AW47) -> 0 | AY47: =SUM(AM47,AQ47,AU47) -> 0 | AZ47: =SUM(AN47,AR47,AV47) -> 0 | BA47: =SUM(AO47,AS47,AW47) -> 0 | BB47: =SUM(AP47,AT47,AX47) -> 0 | BF47: =SUM(BC47:BE47) -> 0 | BJ47: =SUM(BG47:BI47) -> 0 | BK47: 0 | BL47: 0 | BM47: 0 | BN47: =SUM(BK47:BM47) -> 0 | BO47: =SUM(BC47,BG47,BK47) -> 0 | BP47: =SUM(BD47,BH47,BL47) -> 0 | BQ47: =SUM(BE47,BI47,BM47) -> 0 | BR47: =SUM(BF47,BJ47,BN47) -> 0
A48: 2. NSV | C48: 0 | D48: 0 | E48: 0 | F48: 0 | G48: 0 | H48: 0 | I48: 0 | J48: =SUM(G48:I48) -> 0 | K48: 0 | L48: 0 | M48: 0 | N48: =SUM(K48:M48) -> 0 | O48: 0 | P48: 0 | Q48: 0 | R48: =SUM(O48:Q48) -> 0 | S48: =SUM(G48,K48,O48) -> 0 | T48: =SUM(H48,L48,P48) -> 0 | U48: =SUM(I48,M48,Q48) -> 0 | V48: =SUM(J48,N48,R48) -> 0 | W48: 0 | X48: 0 | Y48: 0 | Z48: =SUM(W48:Y48) -> 0 | AA48: 0 | AB48: 0 | AC48: 0 | AD48: =SUM(AA48:AC48) -> 0 | AE48: 0 | AF48: 0 | AG48: 0 | AH48: =SUM(AE48:AG48) -> 0 | AI48: =SUM(W48,AA48,AE48) -> 0 | AJ48: =SUM(X48,AB48,AF48) -> 0 | AK48: =SUM(Y48,AC48,AG48) -> 0 | AL48: =SUM(Z48,AD48,AH48) -> 0 | AP48: =SUM(AM48:AO48) -> 0 | AT48: =SUM(AQ48:AS48) -> 0 | AX48: =SUM(AU48:AW48) -> 0 | AY48: =SUM(AM48,AQ48,AU48) -> 0 | AZ48: =SUM(AN48,AR48,AV48) -> 0 | BA48: =SUM(AO48,AS48,AW48) -> 0 | BB48: =SUM(AP48,AT48,AX48) -> 0 | BF48: =SUM(BC48:BE48) -> 0 | BJ48: =SUM(BG48:BI48) -> 0 | BK48: 0 | BL48: 0 | BM48: 0 | BN48: =SUM(BK48:BM48) -> 0 | BO48: =SUM(BC48,BG48,BK48) -> 0 | BP48: =SUM(BD48,BH48,BL48) -> 0 | BQ48: =SUM(BE48,BI48,BM48) -> 0 | BR48: =SUM(BF48,BJ48,BN48) -> 0
A49: 3. Condom | C49: 0 | D49: 0 | E49: 0 | F49: 0 | G49: 0 | H49: 0 | I49: 0 | J49: =SUM(G49:I49) -> 0 | K49: 0 | L49: 0 | M49: 0 | N49: =SUM(K49:M49) -> 0 | O49: 0 | P49: 0 | Q49: 1 | R49: =SUM(O49:Q49) -> 1 | S49: =SUM(G49,K49,O49) -> 0 | T49: =SUM(H49,L49,P49) -> 0 | U49: =SUM(I49,M49,Q49) -> 1 | V49: =SUM(J49,N49,R49) -> 1 | W49: 0 | X49: 0 | Y49: 0 | Z49: =SUM(W49:Y49) -> 0 | AA49: 0 | AB49: 0 | AC49: 0 | AD49: =SUM(AA49:AC49) -> 0 | AE49: 0 | AF49: 0 | AG49: 0 | AH49: =SUM(AE49:AG49) -> 0 | AI49: =SUM(W49,AA49,AE49) -> 0 | AJ49: =SUM(X49,AB49,AF49) -> 0 | AK49: =SUM(Y49,AC49,AG49) -> 0 | AL49: =SUM(Z49,AD49,AH49) -> 0 | AP49: =SUM(AM49:AO49) -> 0 | AT49: =SUM(AQ49:AS49) -> 0 | AX49: =SUM(AU49:AW49) -> 0 | AY49: =SUM(AM49,AQ49,AU49) -> 0 | AZ49: =SUM(AN49,AR49,AV49) -> 0 | BA49: =SUM(AO49,AS49,AW49) -> 0 | BB49: =SUM(AP49,AT49,AX49) -> 0 | BF49: =SUM(BC49:BE49) -> 0 | BJ49: =SUM(BG49:BI49) -> 0 | BK49: 0 | BL49: 0 | BM49: 0 | BN49: =SUM(BK49:BM49) -> 0 | BO49: =SUM(BC49,BG49,BK49) -> 0 | BP49: =SUM(BD49,BH49,BL49) -> 0 | BQ49: =SUM(BE49,BI49,BM49) -> 0 | BR49: =SUM(BF49,BJ49,BN49) -> 0
A50: 4. Pills | C50: 0 | D50: 0 | E50: 2 | F50: 2 | G50: =SUM(G51:G52) -> 0 | H50: =SUM(H51:H52) -> 0 | I50: =SUM(I51:I52) -> 1 | J50: =SUM(J51:J52) -> 1 | K50: =SUM(K51:K52) -> 0 | L50: =SUM(L51:L52) -> 0 | M50: =SUM(M51:M52) -> 0 | N50: =SUM(N51:N52) -> 0 | ... R50: =SUM(R51:R52) -> 0 | S50: =SUM(G50,K50,O50) -> 0 | T50: =SUM(H50,L50,P50) -> 0 | U50: =SUM(I50,M50,Q50) -> 1 | V50: =SUM(J50,N50,R50) -> 1 | W50: =SUM(W51:W52) -> 0 | X50: =SUM(X51:X52) -> 0 | Y50: =SUM(Y51:Y52) -> 1 | Z50: =SUM(Z51:Z52) -> 1 | AA50: =SUM(AA51:AA52) -> 0 | AB50: =SUM(AB51:AB52) -> 0 | AC50: =SUM(AC51:AC52) -> 0 | AD50: =SUM(AD51:AD52) -> 0 | ... AH50: =SUM(AH51:AH52) -> 0 | AI50: =SUM(W50,AA50,AE50) -> 0 | AJ50: =SUM(X50,AB50,AF50) -> 0 | AK50: =SUM(Y50,AC50,AG50) -> 1 | AL50: =SUM(Z50,AD50,AH50) -> 1 | AM50: =SUM(AM51:AM52) -> 0 | AN50: =SUM(AN51:AN52) -> 0 | AO50: =SUM(AO51:AO52) -> 1 | AP50: =SUM(AP51:AP52) -> 1 | AQ50: =SUM(AQ51:AQ52) -> 0 | AR50: =SUM(AR51:AR52) -> 0 | AS50: =SUM(AS51:AS52) -> 0 | AT50: =SUM(AT51:AT52) -> 0 | ... AX50: =SUM(AX51:AX52) -> 1 | AY50: =SUM(AM50,AQ50,AU50) -> 0 | AZ50: =SUM(AN50,AR50,AV50) -> 0 | BA50: =SUM(AO50,AS50,AW50) -> 2 | BB50: =SUM(AP50,AT50,AX50) -> 2 | BC50: =SUM(BC51:BC52) -> 0 | BD50: =SUM(BD51:BD52) -> 0 | BE50: =SUM(BE51:BE52) -> 0 | BF50: =SUM(BF51:BF52) -> 0 | BG50: =SUM(BG51:BG52) -> 0 | BH50: =SUM(BH51:BH52) -> 0 | BI50: =SUM(BI51:BI52) -> 1 | BJ50: =SUM(BJ51:BJ52) -> 1 | ... BN50: =SUM(BN51:BN52) -> 1 | BO50: =SUM(BC50,BG50,BK50) -> 0 | BP50: =SUM(BD50,BH50,BL50) -> 0 | BQ50: =SUM(BE50,BI50,BM50) -> 2 | BR50: =SUM(BF50,BJ50,BN50) -> 2
A51: a. Pills-POP | C51: 0 | D51: 0 | E51: 2 | F51: 2 | G51: 0 | H51: 0 | I51: 0 | J51: =SUM(G51:I51) -> 0 | K51: 0 | L51: 0 | M51: 0 | N51: =SUM(K51:M51) -> 0 | O51: 0 | P51: 0 | Q51: 0 | R51: =SUM(O51:Q51) -> 0 | S51: =SUM(G51,K51,O51) -> 0 | T51: =SUM(H51,L51,P51) -> 0 | U51: =SUM(I51,M51,Q51) -> 0 | V51: =SUM(J51,N51,R51) -> 0 | W51: 0 | X51: 0 | Y51: 1 | Z51: =SUM(W51:Y51) -> 1 | AA51: 0 | AB51: 0 | AC51: 0 | AD51: =SUM(AA51:AC51) -> 0 | AE51: 0 | AF51: 0 | AG51: 0 | AH51: =SUM(AE51:AG51) -> 0 | AI51: =SUM(W51,AA51,AE51) -> 0 | AJ51: =SUM(X51,AB51,AF51) -> 0 | AK51: =SUM(Y51,AC51,AG51) -> 1 | AL51: =SUM(Z51,AD51,AH51) -> 1 | AP51: =SUM(AM51:AO51) -> 0 | AT51: =SUM(AQ51:AS51) -> 0 | AX51: =SUM(AU51:AW51) -> 0 | AY51: =SUM(AM51,AQ51,AU51) -> 0 | AZ51: =SUM(AN51,AR51,AV51) -> 0 | BA51: =SUM(AO51,AS51,AW51) -> 0 | BB51: =SUM(AP51,AT51,AX51) -> 0 | BF51: =SUM(BC51:BE51) -> 0 | BI51: 1 | BJ51: =SUM(BG51:BI51) -> 1 | BK51: 0 | BL51: 0 | BM51: 1 | BN51: =SUM(BK51:BM51) -> 1 | BO51: =SUM(BC51,BG51,BK51) -> 0 | BP51: =SUM(BD51,BH51,BL51) -> 0 | BQ51: =SUM(BE51,BI51,BM51) -> 2 | BR51: =SUM(BF51,BJ51,BN51) -> 2
A52: b. Pills-COC | C52: 0 | D52: 0 | E52: 0 | F52: 0 | G52: 0 | H52: 0 | I52: 1 | J52: =SUM(G52:I52) -> 1 | K52: 0 | L52: 0 | M52: 0 | N52: =SUM(K52:M52) -> 0 | O52: 0 | P52: 0 | Q52: 0 | R52: =SUM(O52:Q52) -> 0 | S52: =SUM(G52,K52,O52) -> 0 | T52: =SUM(H52,L52,P52) -> 0 | U52: =SUM(I52,M52,Q52) -> 1 | V52: =SUM(J52,N52,R52) -> 1 | W52: 0 | X52: 0 | Y52: 0 | Z52: =SUM(W52:Y52) -> 0 | AA52: 0 | AB52: 0 | AC52: 0 | AD52: =SUM(AA52:AC52) -> 0 | AE52: 0 | AF52: 0 | AG52: 0 | AH52: =SUM(AE52:AG52) -> 0 | AI52: =SUM(W52,AA52,AE52) -> 0 | AJ52: =SUM(X52,AB52,AF52) -> 0 | AK52: =SUM(Y52,AC52,AG52) -> 0 | AL52: =SUM(Z52,AD52,AH52) -> 0 | AO52: 1 | AP52: =SUM(AM52:AO52) -> 1 | AT52: =SUM(AQ52:AS52) -> 0 | AW52: 1 | AX52: =SUM(AU52:AW52) -> 1 | AY52: =SUM(AM52,AQ52,AU52) -> 0 | AZ52: =SUM(AN52,AR52,AV52) -> 0 | BA52: =SUM(AO52,AS52,AW52) -> 2 | BB52: =SUM(AP52,AT52,AX52) -> 2 | BF52: =SUM(BC52:BE52) -> 0 | BJ52: =SUM(BG52:BI52) -> 0 | BK52: 0 | BL52: 0 | BM52: 0 | BN52: =SUM(BK52:BM52) -> 0 | BO52: =SUM(BC52,BG52,BK52) -> 0 | BP52: =SUM(BD52,BH52,BL52) -> 0 | BQ52: =SUM(BE52,BI52,BM52) -> 0 | BR52: =SUM(BF52,BJ52,BN52) -> 0
A53: 5. Injectables (DMPA/POI) | C53: 0 | D53: 0 | E53: 3 | F53: 3 | G53: 0 | H53: 0 | I53: 0 | J53: =SUM(G53:I53) -> 0 | K53: 0 | L53: 0 | M53: 0 | N53: =SUM(K53:M53) -> 0 | O53: 0 | P53: 0 | Q53: 2 | R53: =SUM(O53:Q53) -> 2 | S53: =SUM(G53,K53,O53) -> 0 | T53: =SUM(H53,L53,P53) -> 0 | U53: =SUM(I53,M53,Q53) -> 2 | V53: =SUM(J53,N53,R53) -> 2 | W53: 0 | X53: 0 | Y53: 2 | Z53: =SUM(W53:Y53) -> 2 | AA53: 0 | AB53: 0 | AC53: 1 | AD53: =SUM(AA53:AC53) -> 1 | AE53: 0 | AF53: 0 | AG53: 1 | AH53: =SUM(AE53:AG53) -> 1 | AI53: =SUM(W53,AA53,AE53) -> 0 | AJ53: =SUM(X53,AB53,AF53) -> 0 | AK53: =SUM(Y53,AC53,AG53) -> 4 | AL53: =SUM(Z53,AD53,AH53) -> 4 | AO53: 1 | AP53: =SUM(AM53:AO53) -> 1 | AS53: 1 | AT53: =SUM(AQ53:AS53) -> 1 | AW53: 1 | AX53: =SUM(AU53:AW53) -> 1 | AY53: =SUM(AM53,AQ53,AU53) -> 0 | AZ53: =SUM(AN53,AR53,AV53) -> 0 | BA53: =SUM(AO53,AS53,AW53) -> 3 | BB53: =SUM(AP53,AT53,AX53) -> 3 | BE53: 2 | BF53: =SUM(BC53:BE53) -> 2 | BI53: 1 | BJ53: =SUM(BG53:BI53) -> 1 | BK53: 0 | BL53: 0 | BM53: 0 | BN53: =SUM(BK53:BM53) -> 0 | BO53: =SUM(BC53,BG53,BK53) -> 0 | BP53: =SUM(BD53,BH53,BL53) -> 0 | BQ53: =SUM(BE53,BI53,BM53) -> 3 | BR53: =SUM(BF53,BJ53,BN53) -> 3
A54: 6. Implant | C54: 0 | D54: 0 | E54: 3 | F54: 3 | G54: =SUM(G55:G56) -> 0 | H54: =SUM(H55:H56) -> 0 | I54: =SUM(I55:I56) -> 0 | J54: =SUM(J55:J56) -> 0 | K54: =SUM(K55:K56) -> 0 | L54: =SUM(L55:L56) -> 0 | M54: =SUM(M55:M56) -> 0 | N54: =SUM(N55:N56) -> 0 | ... R54: =SUM(R55:R56) -> 0 | S54: =SUM(G54,K54,O54) -> 0 | T54: =SUM(H54,L54,P54) -> 0 | U54: =SUM(I54,M54,Q54) -> 0 | V54: =SUM(J54,N54,R54) -> 0 | W54: =SUM(W55:W56) -> 0 | X54: =SUM(X55:X56) -> 0 | Y54: =SUM(Y55:Y56) -> 0 | Z54: =SUM(Z55:Z56) -> 0 | AA54: =SUM(AA55:AA56) -> 0 | AB54: =SUM(AB55:AB56) -> 0 | AC54: =SUM(AC55:AC56) -> 0 | AD54: =SUM(AD55:AD56) -> 0 | ... AH54: =SUM(AH55:AH56) -> 0 | AI54: =SUM(W54,AA54,AE54) -> 0 | AJ54: =SUM(X54,AB54,AF54) -> 0 | AK54: =SUM(Y54,AC54,AG54) -> 0 | AL54: =SUM(Z54,AD54,AH54) -> 0 | AM54: =SUM(AM55:AM56) -> 0 | AN54: =SUM(AN55:AN56) -> 0 | AO54: =SUM(AO55:AO56) -> 0 | AP54: =SUM(AP55:AP56) -> 0 | AQ54: =SUM(AQ55:AQ56) -> 0 | AR54: =SUM(AR55:AR56) -> 0 | AS54: =SUM(AS55:AS56) -> 0 | AT54: =SUM(AT55:AT56) -> 0 | ... AX54: =SUM(AX55:AX56) -> 0 | AY54: =SUM(AM54,AQ54,AU54) -> 0 | AZ54: =SUM(AN54,AR54,AV54) -> 0 | BA54: =SUM(AO54,AS54,AW54) -> 0 | BB54: =SUM(AP54,AT54,AX54) -> 0 | BC54: =SUM(BC55:BC56) -> 0 | BD54: =SUM(BD55:BD56) -> 0 | BE54: =SUM(BE55:BE56) -> 3 | BF54: =SUM(BF55:BF56) -> 3 | BG54: =SUM(BG55:BG56) -> 0 | BH54: =SUM(BH55:BH56) -> 0 | BI54: =SUM(BI55:BI56) -> 0 | BJ54: =SUM(BJ55:BJ56) -> 0 | ... BN54: =SUM(BN55:BN56) -> 0 | BO54: =SUM(BC54,BG54,BK54) -> 0 | BP54: =SUM(BD54,BH54,BL54) -> 0 | BQ54: =SUM(BE54,BI54,BM54) -> 3 | BR54: =SUM(BF54,BJ54,BN54) -> 3
A55: a. Implant-Interval | C55: 0 | D55: 0 | E55: 2 | F55: 2 | G55: 0 | H55: 0 | I55: 0 | J55: =SUM(G55:I55) -> 0 | K55: 0 | L55: 0 | M55: 0 | N55: =SUM(K55:M55) -> 0 | O55: 0 | P55: 0 | Q55: 0 | R55: =SUM(O55:Q55) -> 0 | S55: =SUM(G55,K55,O55) -> 0 | T55: =SUM(H55,L55,P55) -> 0 | U55: =SUM(I55,M55,Q55) -> 0 | V55: =SUM(J55,N55,R55) -> 0 | W55: 0 | X55: 0 | Y55: 0 | Z55: =SUM(W55:Y55) -> 0 | AA55: 0 | AB55: 0 | AC55: 0 | AD55: =SUM(AA55:AC55) -> 0 | AE55: 0 | AF55: 0 | AG55: 0 | AH55: =SUM(AE55:AG55) -> 0 | AI55: =SUM(W55,AA55,AE55) -> 0 | AJ55: =SUM(X55,AB55,AF55) -> 0 | AK55: =SUM(Y55,AC55,AG55) -> 0 | AL55: =SUM(Z55,AD55,AH55) -> 0 | AP55: =SUM(AM55:AO55) -> 0 | AT55: =SUM(AQ55:AS55) -> 0 | AX55: =SUM(AU55:AW55) -> 0 | AY55: =SUM(AM55,AQ55,AU55) -> 0 | AZ55: =SUM(AN55,AR55,AV55) -> 0 | BA55: =SUM(AO55,AS55,AW55) -> 0 | BB55: =SUM(AP55,AT55,AX55) -> 0 | BE55: 2 | BF55: =SUM(BC55:BE55) -> 2 | BJ55: =SUM(BG55:BI55) -> 0 | BK55: 0 | BL55: 0 | BM55: 0 | BN55: =SUM(BK55:BM55) -> 0 | BO55: =SUM(BC55,BG55,BK55) -> 0 | BP55: =SUM(BD55,BH55,BL55) -> 0 | BQ55: =SUM(BE55,BI55,BM55) -> 2 | BR55: =SUM(BF55,BJ55,BN55) -> 2
A56: b. Implant-PP | C56: 0 | D56: 0 | E56: 1 | F56: 1 | G56: 0 | H56: 0 | I56: 0 | J56: =SUM(G56:I56) -> 0 | K56: 0 | L56: 0 | M56: 0 | N56: =SUM(K56:M56) -> 0 | O56: 0 | P56: 0 | Q56: 0 | R56: =SUM(O56:Q56) -> 0 | S56: =SUM(G56,K56,O56) -> 0 | T56: =SUM(H56,L56,P56) -> 0 | U56: =SUM(I56,M56,Q56) -> 0 | V56: =SUM(J56,N56,R56) -> 0 | W56: 0 | X56: 0 | Y56: 0 | Z56: =SUM(W56:Y56) -> 0 | AA56: 0 | AB56: 0 | AC56: 0 | AD56: =SUM(AA56:AC56) -> 0 | AE56: 0 | AF56: 0 | AG56: 0 | AH56: =SUM(AE56:AG56) -> 0 | AI56: =SUM(W56,AA56,AE56) -> 0 | AJ56: =SUM(X56,AB56,AF56) -> 0 | AK56: =SUM(Y56,AC56,AG56) -> 0 | AL56: =SUM(Z56,AD56,AH56) -> 0 | AP56: =SUM(AM56:AO56) -> 0 | AT56: =SUM(AQ56:AS56) -> 0 | AX56: =SUM(AU56:AW56) -> 0 | AY56: =SUM(AM56,AQ56,AU56) -> 0 | AZ56: =SUM(AN56,AR56,AV56) -> 0 | BA56: =SUM(AO56,AS56,AW56) -> 0 | BB56: =SUM(AP56,AT56,AX56) -> 0 | BE56: 1 | BF56: =SUM(BC56:BE56) -> 1 | BJ56: =SUM(BG56:BI56) -> 0 | BK56: 0 | BL56: 0 | BM56: 0 | BN56: =SUM(BK56:BM56) -> 0 | BO56: =SUM(BC56,BG56,BK56) -> 0 | BP56: =SUM(BD56,BH56,BL56) -> 0 | BQ56: =SUM(BE56,BI56,BM56) -> 1 | BR56: =SUM(BF56,BJ56,BN56) -> 1
A57: 7. IUD | C57: 0 | D57: 0 | E57: 0 | F57: 0 | G57: =SUM(G58:G59) -> 0 | H57: =SUM(H58:H59) -> 0 | I57: =SUM(I58:I59) -> 0 | J57: =SUM(J58:J59) -> 0 | K57: =SUM(K58:K59) -> 0 | L57: =SUM(L58:L59) -> 0 | M57: =SUM(M58:M59) -> 0 | N57: =SUM(N58:N59) -> 0 | ... R57: =SUM(R58:R59) -> 0 | S57: =SUM(G57,K57,O57) -> 0 | T57: =SUM(H57,L57,P57) -> 0 | U57: =SUM(I57,M57,Q57) -> 0 | V57: =SUM(J57,N57,R57) -> 0 | W57: =SUM(W58:W59) -> 0 | X57: =SUM(X58:X59) -> 0 | Y57: =SUM(Y58:Y59) -> 0 | Z57: =SUM(Z58:Z59) -> 0 | AA57: =SUM(AA58:AA59) -> 0 | AB57: =SUM(AB58:AB59) -> 0 | AC57: =SUM(AC58:AC59) -> 0 | AD57: =SUM(AD58:AD59) -> 0 | ... AH57: =SUM(AH58:AH59) -> 0 | AI57: =SUM(W57,AA57,AE57) -> 0 | AJ57: =SUM(X57,AB57,AF57) -> 0 | AK57: =SUM(Y57,AC57,AG57) -> 0 | AL57: =SUM(Z57,AD57,AH57) -> 0 | AM57: =SUM(AM58:AM59) -> 0 | AN57: =SUM(AN58:AN59) -> 0 | AO57: =SUM(AO58:AO59) -> 0 | AP57: =SUM(AP58:AP59) -> 0 | AQ57: =SUM(AQ58:AQ59) -> 0 | AR57: =SUM(AR58:AR59) -> 0 | AS57: =SUM(AS58:AS59) -> 0 | AT57: =SUM(AT58:AT59) -> 0 | ... AX57: =SUM(AX58:AX59) -> 0 | AY57: =SUM(AM57,AQ57,AU57) -> 0 | AZ57: =SUM(AN57,AR57,AV57) -> 0 | BA57: =SUM(AO57,AS57,AW57) -> 0 | BB57: =SUM(AP57,AT57,AX57) -> 0 | BC57: =SUM(BC58:BC59) -> 0 | BD57: =SUM(BD58:BD59) -> 0 | BE57: =SUM(BE58:BE59) -> 0 | BF57: =SUM(BF58:BF59) -> 0 | BG57: =SUM(BG58:BG59) -> 0 | BH57: =SUM(BH58:BH59) -> 0 | BI57: =SUM(BI58:BI59) -> 0 | BJ57: =SUM(BJ58:BJ59) -> 0 | ... BN57: =SUM(BN58:BN59) -> 0 | BO57: =SUM(BC57,BG57,BK57) -> 0 | BP57: =SUM(BD57,BH57,BL57) -> 0 | BQ57: =SUM(BE57,BI57,BM57) -> 0 | BR57: =SUM(BF57,BJ57,BN57) -> 0
A58: a. IUD-Interval | C58: 0 | D58: 0 | E58: 0 | F58: 0 | G58: 0 | H58: 0 | I58: 0 | J58: =SUM(G58:I58) -> 0 | K58: 0 | L58: 0 | M58: 0 | N58: =SUM(K58:M58) -> 0 | O58: 0 | P58: 0 | Q58: 0 | R58: =SUM(O58:Q58) -> 0 | S58: =SUM(G58,K58,O58) -> 0 | T58: =SUM(H58,L58,P58) -> 0 | U58: =SUM(I58,M58,Q58) -> 0 | V58: =SUM(J58,N58,R58) -> 0 | W58: 0 | X58: 0 | Y58: 0 | Z58: =SUM(W58:Y58) -> 0 | AA58: 0 | AB58: 0 | AC58: 0 | AD58: =SUM(AA58:AC58) -> 0 | AE58: 0 | AF58: 0 | AG58: 0 | AH58: =SUM(AE58:AG58) -> 0 | AI58: =SUM(W58,AA58,AE58) -> 0 | AJ58: =SUM(X58,AB58,AF58) -> 0 | AK58: =SUM(Y58,AC58,AG58) -> 0 | AL58: =SUM(Z58,AD58,AH58) -> 0 | AP58: =SUM(AM58:AO58) -> 0 | AT58: =SUM(AQ58:AS58) -> 0 | AX58: =SUM(AU58:AW58) -> 0 | AY58: =SUM(AM58,AQ58,AU58) -> 0 | AZ58: =SUM(AN58,AR58,AV58) -> 0 | BA58: =SUM(AO58,AS58,AW58) -> 0 | BB58: =SUM(AP58,AT58,AX58) -> 0 | BF58: =SUM(BC58:BE58) -> 0 | BJ58: =SUM(BG58:BI58) -> 0 | BK58: 0 | BL58: 0 | BM58: 0 | BN58: =SUM(BK58:BM58) -> 0 | BO58: =SUM(BC58,BG58,BK58) -> 0 | BP58: =SUM(BD58,BH58,BL58) -> 0 | BQ58: =SUM(BE58,BI58,BM58) -> 0 | BR58: =SUM(BF58,BJ58,BN58) -> 0
A59: b. IUD-PP | C59: 0 | D59: 0 | E59: 0 | F59: 0 | G59: 0 | H59: 0 | I59: 0 | J59: =SUM(G59:I59) -> 0 | K59: 0 | L59: 0 | M59: 0 | N59: =SUM(K59:M59) -> 0 | O59: 0 | P59: 0 | Q59: 0 | R59: =SUM(O59:Q59) -> 0 | S59: =SUM(G59,K59,O59) -> 0 | T59: =SUM(H59,L59,P59) -> 0 | U59: =SUM(I59,M59,Q59) -> 0 | V59: =SUM(J59,N59,R59) -> 0 | W59: 0 | X59: 0 | Y59: 0 | Z59: =SUM(W59:Y59) -> 0 | AA59: 0 | AB59: 0 | AC59: 0 | AD59: =SUM(AA59:AC59) -> 0 | AE59: 0 | AF59: 0 | AG59: 0 | AH59: =SUM(AE59:AG59) -> 0 | AI59: =SUM(W59,AA59,AE59) -> 0 | AJ59: =SUM(X59,AB59,AF59) -> 0 | AK59: =SUM(Y59,AC59,AG59) -> 0 | AL59: =SUM(Z59,AD59,AH59) -> 0 | AP59: =SUM(AM59:AO59) -> 0 | AT59: =SUM(AQ59:AS59) -> 0 | AX59: =SUM(AU59:AW59) -> 0 | AY59: =SUM(AM59,AQ59,AU59) -> 0 | AZ59: =SUM(AN59,AR59,AV59) -> 0 | BA59: =SUM(AO59,AS59,AW59) -> 0 | BB59: =SUM(AP59,AT59,AX59) -> 0 | BF59: =SUM(BC59:BE59) -> 0 | BJ59: =SUM(BG59:BI59) -> 0 | BK59: 0 | BL59: 0 | BM59: 0 | BN59: =SUM(BK59:BM59) -> 0 | BO59: =SUM(BC59,BG59,BK59) -> 0 | BP59: =SUM(BD59,BH59,BL59) -> 0 | BQ59: =SUM(BE59,BI59,BM59) -> 0 | BR59: =SUM(BF59,BJ59,BN59) -> 0
A60: 8. NFP-LAM | C60: 0 | D60: 0 | E60: 7 | F60: 7 | G60: 0 | H60: 0 | I60: 7 | J60: =SUM(G60:I60) -> 7 | K60: 0 | L60: 0 | M60: 0 | N60: =SUM(K60:M60) -> 0 | O60: 0 | P60: 0 | Q60: 0 | R60: =SUM(O60:Q60) -> 0 | S60: =SUM(G60,K60,O60) -> 0 | T60: =SUM(H60,L60,P60) -> 0 | U60: =SUM(I60,M60,Q60) -> 7 | V60: =SUM(J60,N60,R60) -> 7 | W60: 0 | X60: 0 | Y60: 1 | Z60: =SUM(W60:Y60) -> 1 | AA60: 0 | AB60: 0 | AC60: 7 | AD60: =SUM(AA60:AC60) -> 7 | AE60: 0 | AF60: 0 | AG60: 1 | AH60: =SUM(AE60:AG60) -> 1 | AI60: =SUM(W60,AA60,AE60) -> 0 | AJ60: =SUM(X60,AB60,AF60) -> 0 | AK60: =SUM(Y60,AC60,AG60) -> 9 | AL60: =SUM(Z60,AD60,AH60) -> 9 | AO60: 1 | AP60: =SUM(AM60:AO60) -> 1 | AS60: 3 | AT60: =SUM(AQ60:AS60) -> 3 | AW60: 3 | AX60: =SUM(AU60:AW60) -> 3 | AY60: =SUM(AM60,AQ60,AU60) -> 0 | AZ60: =SUM(AN60,AR60,AV60) -> 0 | BA60: =SUM(AO60,AS60,AW60) -> 7 | BB60: =SUM(AP60,AT60,AX60) -> 7 | BE60: 4 | BF60: =SUM(BC60:BE60) -> 4 | BI60: 2 | BJ60: =SUM(BG60:BI60) -> 2 | BK60: 0 | BL60: 0 | BM60: 1 | BN60: =SUM(BK60:BM60) -> 1 | BO60: =SUM(BC60,BG60,BK60) -> 0 | BP60: =SUM(BD60,BH60,BL60) -> 0 | BQ60: =SUM(BE60,BI60,BM60) -> 7 | BR60: =SUM(BF60,BJ60,BN60) -> 7
A61: 9. NFP-BBT | C61: 0 | D61: 0 | E61: 0 | F61: 0 | G61: 0 | H61: 0 | I61: 0 | J61: =SUM(G61:I61) -> 0 | K61: 0 | L61: 0 | M61: 0 | N61: =SUM(K61:M61) -> 0 | O61: 0 | P61: 0 | Q61: 0 | R61: =SUM(O61:Q61) -> 0 | S61: =SUM(G61,K61,O61) -> 0 | T61: =SUM(H61,L61,P61) -> 0 | U61: =SUM(I61,M61,Q61) -> 0 | V61: =SUM(J61,N61,R61) -> 0 | W61: 0 | X61: 0 | Y61: 0 | Z61: =SUM(W61:Y61) -> 0 | AA61: 0 | AB61: 0 | AC61: 0 | AD61: =SUM(AA61:AC61) -> 0 | AE61: 0 | AF61: 0 | AG61: 0 | AH61: =SUM(AE61:AG61) -> 0 | AI61: =SUM(W61,AA61,AE61) -> 0 | AJ61: =SUM(X61,AB61,AF61) -> 0 | AK61: =SUM(Y61,AC61,AG61) -> 0 | AL61: =SUM(Z61,AD61,AH61) -> 0 | AP61: =SUM(AM61:AO61) -> 0 | AT61: =SUM(AQ61:AS61) -> 0 | AX61: =SUM(AU61:AW61) -> 0 | AY61: =SUM(AM61,AQ61,AU61) -> 0 | AZ61: =SUM(AN61,AR61,AV61) -> 0 | BA61: =SUM(AO61,AS61,AW61) -> 0 | BB61: =SUM(AP61,AT61,AX61) -> 0 | BF61: =SUM(BC61:BE61) -> 0 | BJ61: =SUM(BG61:BI61) -> 0 | BK61: 0 | BL61: 0 | BM61: 0 | BN61: =SUM(BK61:BM61) -> 0 | BO61: =SUM(BC61,BG61,BK61) -> 0 | BP61: =SUM(BD61,BH61,BL61) -> 0 | BQ61: =SUM(BE61,BI61,BM61) -> 0 | BR61: =SUM(BF61,BJ61,BN61) -> 0
A62: 10. NFP-CMM | C62: 0 | D62: 0 | E62: 0 | F62: 0 | G62: 0 | H62: 0 | I62: 0 | J62: =SUM(G62:I62) -> 0 | K62: 0 | L62: 0 | M62: 0 | N62: =SUM(K62:M62) -> 0 | O62: 0 | P62: 0 | Q62: 0 | R62: =SUM(O62:Q62) -> 0 | S62: =SUM(G62,K62,O62) -> 0 | T62: =SUM(H62,L62,P62) -> 0 | U62: =SUM(I62,M62,Q62) -> 0 | V62: =SUM(J62,N62,R62) -> 0 | W62: 0 | X62: 0 | Y62: 0 | Z62: =SUM(W62:Y62) -> 0 | AA62: 0 | AB62: 0 | AC62: 0 | AD62: =SUM(AA62:AC62) -> 0 | AE62: 0 | AF62: 0 | AG62: 0 | AH62: =SUM(AE62:AG62) -> 0 | AI62: =SUM(W62,AA62,AE62) -> 0 | AJ62: =SUM(X62,AB62,AF62) -> 0 | AK62: =SUM(Y62,AC62,AG62) -> 0 | AL62: =SUM(Z62,AD62,AH62) -> 0 | AP62: =SUM(AM62:AO62) -> 0 | AT62: =SUM(AQ62:AS62) -> 0 | AX62: =SUM(AU62:AW62) -> 0 | AY62: =SUM(AM62,AQ62,AU62) -> 0 | AZ62: =SUM(AN62,AR62,AV62) -> 0 | BA62: =SUM(AO62,AS62,AW62) -> 0 | BB62: =SUM(AP62,AT62,AX62) -> 0 | BF62: =SUM(BC62:BE62) -> 0 | BJ62: =SUM(BG62:BI62) -> 0 | BK62: 0 | BL62: 0 | BM62: 0 | BN62: =SUM(BK62:BM62) -> 0 | BO62: =SUM(BC62,BG62,BK62) -> 0 | BP62: =SUM(BD62,BH62,BL62) -> 0 | BQ62: =SUM(BE62,BI62,BM62) -> 0 | BR62: =SUM(BF62,BJ62,BN62) -> 0
A63: 11. NFP-STM | C63: 0 | D63: 0 | E63: 0 | F63: 0 | G63: 0 | H63: 0 | I63: 0 | J63: =SUM(G63:I63) -> 0 | K63: 0 | L63: 0 | M63: 0 | N63: =SUM(K63:M63) -> 0 | O63: 0 | P63: 0 | Q63: 0 | R63: =SUM(O63:Q63) -> 0 | S63: =SUM(G63,K63,O63) -> 0 | T63: =SUM(H63,L63,P63) -> 0 | U63: =SUM(I63,M63,Q63) -> 0 | V63: =SUM(J63,N63,R63) -> 0 | W63: 0 | X63: 0 | Y63: 0 | Z63: =SUM(W63:Y63) -> 0 | AA63: 0 | AB63: 0 | AC63: 0 | AD63: =SUM(AA63:AC63) -> 0 | AE63: 0 | AF63: 0 | AG63: 0 | AH63: =SUM(AE63:AG63) -> 0 | AI63: =SUM(W63,AA63,AE63) -> 0 | AJ63: =SUM(X63,AB63,AF63) -> 0 | AK63: =SUM(Y63,AC63,AG63) -> 0 | AL63: =SUM(Z63,AD63,AH63) -> 0 | AP63: =SUM(AM63:AO63) -> 0 | AT63: =SUM(AQ63:AS63) -> 0 | AX63: =SUM(AU63:AW63) -> 0 | AY63: =SUM(AM63,AQ63,AU63) -> 0 | AZ63: =SUM(AN63,AR63,AV63) -> 0 | BA63: =SUM(AO63,AS63,AW63) -> 0 | BB63: =SUM(AP63,AT63,AX63) -> 0 | BF63: =SUM(BC63:BE63) -> 0 | BJ63: =SUM(BG63:BI63) -> 0 | BK63: 0 | BL63: 0 | BM63: 0 | BN63: =SUM(BK63:BM63) -> 0 | BO63: =SUM(BC63,BG63,BK63) -> 0 | BP63: =SUM(BD63,BH63,BL63) -> 0 | BQ63: =SUM(BE63,BI63,BM63) -> 0 | BR63: =SUM(BF63,BJ63,BN63) -> 0
A64: 12. NFP-SDM | C64: 0 | D64: 0 | E64: 0 | F64: 0 | G64: 0 | H64: 0 | I64: 0 | J64: =SUM(G64:I64) -> 0 | K64: 0 | L64: 0 | M64: 0 | N64: =SUM(K64:M64) -> 0 | O64: 0 | P64: 0 | Q64: 0 | R64: =SUM(O64:Q64) -> 0 | S64: =SUM(G64,K64,O64) -> 0 | T64: =SUM(H64,L64,P64) -> 0 | U64: =SUM(I64,M64,Q64) -> 0 | V64: =SUM(J64,N64,R64) -> 0 | W64: 0 | X64: 0 | Y64: 0 | Z64: =SUM(W64:Y64) -> 0 | AA64: 0 | AB64: 0 | AC64: 0 | AD64: =SUM(AA64:AC64) -> 0 | AE64: 0 | AF64: 0 | AG64: 0 | AH64: =SUM(AE64:AG64) -> 0 | AI64: =SUM(W64,AA64,AE64) -> 0 | AJ64: =SUM(X64,AB64,AF64) -> 0 | AK64: =SUM(Y64,AC64,AG64) -> 0 | AL64: =SUM(Z64,AD64,AH64) -> 0 | AP64: =SUM(AM64:AO64) -> 0 | AT64: =SUM(AQ64:AS64) -> 0 | AX64: =SUM(AU64:AW64) -> 0 | AY64: =SUM(AM64,AQ64,AU64) -> 0 | AZ64: =SUM(AN64,AR64,AV64) -> 0 | BA64: =SUM(AO64,AS64,AW64) -> 0 | BB64: =SUM(AP64,AT64,AX64) -> 0 | BF64: =SUM(BC64:BE64) -> 0 | BJ64: =SUM(BG64:BI64) -> 0 | BK64: 0 | BL64: 0 | BM64: 0 | BN64: =SUM(BK64:BM64) -> 0 | BO64: =SUM(BC64,BG64,BK64) -> 0 | BP64: =SUM(BD64,BH64,BL64) -> 0 | BQ64: =SUM(BE64,BI64,BM64) -> 0 | BR64: =SUM(BF64,BJ64,BN64) -> 0
A65: Total Drop-outs (Present)
A66: 1. BTL | C66: 0 | D66: 0 | E66: 0 | F66: 0 | G66: 0 | H66: 0 | I66: 0 | J66: =SUM(G66:I66) -> 0 | K66: 0 | L66: 0 | M66: 0 | N66: =SUM(K66:M66) -> 0 | O66: 0 | P66: 0 | Q66: 0 | R66: =SUM(O66:Q66) -> 0 | S66: =SUM(G66,K66,O66) -> 0 | T66: =SUM(H66,L66,P66) -> 0 | U66: =SUM(I66,M66,Q66) -> 0 | V66: =SUM(J66,N66,R66) -> 0 | W66: 0 | X66: 0 | Y66: 0 | Z66: =SUM(W66:Y66) -> 0 | AA66: 0 | AB66: 0 | AC66: 0 | AD66: =SUM(AA66:AC66) -> 0 | AE66: 0 | AF66: 0 | AG66: 0 | AH66: =SUM(AE66:AG66) -> 0 | AI66: =SUM(W66,AA66,AE66) -> 0 | AJ66: =SUM(X66,AB66,AF66) -> 0 | AK66: =SUM(Y66,AC66,AG66) -> 0 | AL66: =SUM(Z66,AD66,AH66) -> 0 | AP66: =SUM(AM66:AO66) -> 0 | AT66: =SUM(AQ66:AS66) -> 0 | AX66: =SUM(AU66:AW66) -> 0 | AY66: =SUM(AM66,AQ66,AU66) -> 0 | AZ66: =SUM(AN66,AR66,AV66) -> 0 | BA66: =SUM(AO66,AS66,AW66) -> 0 | BB66: =SUM(AP66,AT66,AX66) -> 0 | BF66: =SUM(BC66:BE66) -> 0 | BJ66: =SUM(BG66:BI66) -> 0 | BK66: 0 | BL66: 0 | BM66: 0 | BN66: =SUM(BK66:BM66) -> 0 | BO66: =SUM(BC66,BG66,BK66) -> 0 | BP66: =SUM(BD66,BH66,BL66) -> 0 | BQ66: =SUM(BE66,BI66,BM66) -> 0 | BR66: =SUM(BF66,BJ66,BN66) -> 0
A67: 2. NSV | C67: 0 | D67: 0 | E67: 0 | F67: 0 | G67: 0 | H67: 0 | I67: 0 | J67: =SUM(G67:I67) -> 0 | K67: 0 | L67: 0 | M67: 0 | N67: =SUM(K67:M67) -> 0 | O67: 0 | P67: 0 | Q67: 0 | R67: =SUM(O67:Q67) -> 0 | S67: =SUM(G67,K67,O67) -> 0 | T67: =SUM(H67,L67,P67) -> 0 | U67: =SUM(I67,M67,Q67) -> 0 | V67: =SUM(J67,N67,R67) -> 0 | W67: 0 | X67: 0 | Y67: 0 | Z67: =SUM(W67:Y67) -> 0 | AA67: 0 | AB67: 0 | AC67: 0 | AD67: =SUM(AA67:AC67) -> 0 | AE67: 0 | AF67: 0 | AG67: 0 | AH67: =SUM(AE67:AG67) -> 0 | AI67: =SUM(W67,AA67,AE67) -> 0 | AJ67: =SUM(X67,AB67,AF67) -> 0 | AK67: =SUM(Y67,AC67,AG67) -> 0 | AL67: =SUM(Z67,AD67,AH67) -> 0 | AP67: =SUM(AM67:AO67) -> 0 | AT67: =SUM(AQ67:AS67) -> 0 | AX67: =SUM(AU67:AW67) -> 0 | AY67: =SUM(AM67,AQ67,AU67) -> 0 | AZ67: =SUM(AN67,AR67,AV67) -> 0 | BA67: =SUM(AO67,AS67,AW67) -> 0 | BB67: =SUM(AP67,AT67,AX67) -> 0 | BF67: =SUM(BC67:BE67) -> 0 | BJ67: =SUM(BG67:BI67) -> 0 | BK67: 0 | BL67: 0 | BM67: 0 | BN67: =SUM(BK67:BM67) -> 0 | BO67: =SUM(BC67,BG67,BK67) -> 0 | BP67: =SUM(BD67,BH67,BL67) -> 0 | BQ67: =SUM(BE67,BI67,BM67) -> 0 | BR67: =SUM(BF67,BJ67,BN67) -> 0
A68: 3. Condom | C68: 0 | D68: 0 | E68: 0 | F68: 0 | G68: 0 | H68: 0 | I68: 4 | J68: =SUM(G68:I68) -> 4 | K68: 0 | L68: 0 | M68: 0 | N68: =SUM(K68:M68) -> 0 | O68: 0 | P68: 0 | Q68: 0 | R68: =SUM(O68:Q68) -> 0 | S68: =SUM(G68,K68,O68) -> 0 | T68: =SUM(H68,L68,P68) -> 0 | U68: =SUM(I68,M68,Q68) -> 4 | V68: =SUM(J68,N68,R68) -> 4 | W68: 0 | X68: 0 | Y68: 0 | Z68: =SUM(W68:Y68) -> 0 | AA68: 0 | AB68: 0 | AC68: 0 | AD68: =SUM(AA68:AC68) -> 0 | AE68: 0 | AF68: 0 | AG68: 0 | AH68: =SUM(AE68:AG68) -> 0 | AI68: =SUM(W68,AA68,AE68) -> 0 | AJ68: =SUM(X68,AB68,AF68) -> 0 | AK68: =SUM(Y68,AC68,AG68) -> 0 | AL68: =SUM(Z68,AD68,AH68) -> 0 | AP68: =SUM(AM68:AO68) -> 0 | AT68: =SUM(AQ68:AS68) -> 0 | AX68: =SUM(AU68:AW68) -> 0 | AY68: =SUM(AM68,AQ68,AU68) -> 0 | AZ68: =SUM(AN68,AR68,AV68) -> 0 | BA68: =SUM(AO68,AS68,AW68) -> 0 | BB68: =SUM(AP68,AT68,AX68) -> 0 | BF68: =SUM(BC68:BE68) -> 0 | BJ68: =SUM(BG68:BI68) -> 0 | BK68: 0 | BL68: 0 | BM68: 0 | BN68: =SUM(BK68:BM68) -> 0 | BO68: =SUM(BC68,BG68,BK68) -> 0 | BP68: =SUM(BD68,BH68,BL68) -> 0 | BQ68: =SUM(BE68,BI68,BM68) -> 0 | BR68: =SUM(BF68,BJ68,BN68) -> 0
A69: 4. Pills | C69: 0 | D69: 0 | E69: 16 | F69: 16 | G69: =SUM(G70:G71) -> 0 | H69: =SUM(H70:H71) -> 0 | I69: =SUM(I70:I71) -> 3 | J69: =SUM(J70:J71) -> 3 | K69: =SUM(K70:K71) -> 0 | L69: =SUM(L70:L71) -> 0 | M69: =SUM(M70:M71) -> 0 | N69: =SUM(N70:N71) -> 0 | ... R69: =SUM(R70:R71) -> 1 | S69: =SUM(G69,K69,O69) -> 0 | T69: =SUM(H69,L69,P69) -> 0 | U69: =SUM(I69,M69,Q69) -> 4 | V69: =SUM(J69,N69,R69) -> 4 | W69: =SUM(W70:W71) -> 0 | X69: =SUM(X70:X71) -> 0 | Y69: =SUM(Y70:Y71) -> 1 | Z69: =SUM(Z70:Z71) -> 1 | AA69: =SUM(AA70:AA71) -> 0 | AB69: =SUM(AB70:AB71) -> 1 | AC69: =SUM(AC70:AC71) -> 0 | AD69: =SUM(AD70:AD71) -> 1 | ... AH69: =SUM(AH70:AH71) -> 0 | AI69: =SUM(W69,AA69,AE69) -> 0 | AJ69: =SUM(X69,AB69,AF69) -> 1 | AK69: =SUM(Y69,AC69,AG69) -> 1 | AL69: =SUM(Z69,AD69,AH69) -> 2 | AM69: =SUM(AM70:AM71) -> 0 | AN69: =SUM(AN70:AN71) -> 0 | AO69: =SUM(AO70:AO71) -> 0 | AP69: =SUM(AP70:AP71) -> 0 | AQ69: =SUM(AQ70:AQ71) -> 0 | AR69: =SUM(AR70:AR71) -> 0 | AS69: =SUM(AS70:AS71) -> 0 | AT69: =SUM(AT70:AT71) -> 0 | ... AX69: =SUM(AX70:AX71) -> 35 | AY69: =SUM(AM69,AQ69,AU69) -> 0 | AZ69: =SUM(AN69,AR69,AV69) -> 0 | BA69: =SUM(AO69,AS69,AW69) -> 35 | BB69: =SUM(AP69,AT69,AX69) -> 35 | BC69: =SUM(BC70:BC71) -> 0 | BD69: =SUM(BD70:BD71) -> 0 | BE69: =SUM(BE70:BE71) -> 7 | BF69: =SUM(BF70:BF71) -> 7 | BG69: =SUM(BG70:BG71) -> 0 | BH69: =SUM(BH70:BH71) -> 0 | BI69: =SUM(BI70:BI71) -> 7 | BJ69: =SUM(BJ70:BJ71) -> 7 | ... BN69: =SUM(BN70:BN71) -> 2 | BO69: =SUM(BC69,BG69,BK69) -> 0 | BP69: =SUM(BD69,BH69,BL69) -> 0 | BQ69: =SUM(BE69,BI69,BM69) -> 16 | BR69: =SUM(BF69,BJ69,BN69) -> 16
A70: a. Pills-POP | C70: 0 | D70: 0 | E70: 0 | F70: 0 | G70: 0 | H70: 0 | I70: 3 | J70: =SUM(G70:I70) -> 3 | K70: 0 | L70: 0 | M70: 0 | N70: =SUM(K70:M70) -> 0 | O70: 0 | P70: 0 | Q70: 0 | R70: =SUM(O70:Q70) -> 0 | S70: =SUM(G70,K70,O70) -> 0 | T70: =SUM(H70,L70,P70) -> 0 | U70: =SUM(I70,M70,Q70) -> 3 | V70: =SUM(J70,N70,R70) -> 3 | W70: 0 | X70: 0 | Y70: 1 | Z70: =SUM(W70:Y70) -> 1 | AA70: 0 | AB70: 0 | AC70: 0 | AD70: =SUM(AA70:AC70) -> 0 | AE70: 0 | AF70: 0 | AG70: 0 | AH70: =SUM(AE70:AG70) -> 0 | AI70: =SUM(W70,AA70,AE70) -> 0 | AJ70: =SUM(X70,AB70,AF70) -> 0 | AK70: =SUM(Y70,AC70,AG70) -> 1 | AL70: =SUM(Z70,AD70,AH70) -> 1 | AP70: =SUM(AM70:AO70) -> 0 | AT70: =SUM(AQ70:AS70) -> 0 | AX70: =SUM(AU70:AW70) -> 0 | AY70: =SUM(AM70,AQ70,AU70) -> 0 | AZ70: =SUM(AN70,AR70,AV70) -> 0 | BA70: =SUM(AO70,AS70,AW70) -> 0 | BB70: =SUM(AP70,AT70,AX70) -> 0 | BF70: =SUM(BC70:BE70) -> 0 | BJ70: =SUM(BG70:BI70) -> 0 | BK70: 0 | BL70: 0 | BM70: 0 | BN70: =SUM(BK70:BM70) -> 0 | BO70: =SUM(BC70,BG70,BK70) -> 0 | BP70: =SUM(BD70,BH70,BL70) -> 0 | BQ70: =SUM(BE70,BI70,BM70) -> 0 | BR70: =SUM(BF70,BJ70,BN70) -> 0
A71: b. Pills-COC | C71: 0 | D71: 0 | E71: 16 | F71: 16 | G71: 0 | H71: 0 | I71: 0 | J71: =SUM(G71:I71) -> 0 | K71: 0 | L71: 0 | M71: 0 | N71: =SUM(K71:M71) -> 0 | O71: 0 | P71: 0 | Q71: 1 | R71: =SUM(O71:Q71) -> 1 | S71: =SUM(G71,K71,O71) -> 0 | T71: =SUM(H71,L71,P71) -> 0 | U71: =SUM(I71,M71,Q71) -> 1 | V71: =SUM(J71,N71,R71) -> 1 | W71: 0 | X71: 0 | Y71: 0 | Z71: =SUM(W71:Y71) -> 0 | AA71: 0 | AB71: 1 | AC71: 0 | AD71: =SUM(AA71:AC71) -> 1 | AE71: 0 | AF71: 0 | AG71: 0 | AH71: =SUM(AE71:AG71) -> 0 | AI71: =SUM(W71,AA71,AE71) -> 0 | AJ71: =SUM(X71,AB71,AF71) -> 1 | AK71: =SUM(Y71,AC71,AG71) -> 0 | AL71: =SUM(Z71,AD71,AH71) -> 1 | AP71: =SUM(AM71:AO71) -> 0 | AT71: =SUM(AQ71:AS71) -> 0 | AW71: 35 | AX71: =SUM(AU71:AW71) -> 35 | AY71: =SUM(AM71,AQ71,AU71) -> 0 | AZ71: =SUM(AN71,AR71,AV71) -> 0 | BA71: =SUM(AO71,AS71,AW71) -> 35 | BB71: =SUM(AP71,AT71,AX71) -> 35 | BE71: 7 | BF71: =SUM(BC71:BE71) -> 7 | BI71: 7 | BJ71: =SUM(BG71:BI71) -> 7 | BK71: 0 | BL71: 0 | BM71: 2 | BN71: =SUM(BK71:BM71) -> 2 | BO71: =SUM(BC71,BG71,BK71) -> 0 | BP71: =SUM(BD71,BH71,BL71) -> 0 | BQ71: =SUM(BE71,BI71,BM71) -> 16 | BR71: =SUM(BF71,BJ71,BN71) -> 16
A72: 5. Injectables (DMPA/POI) | C72: 0 | D72: 0 | E72: 0 | F72: 0 | G72: 0 | H72: 2 | I72: 5 | J72: =SUM(G72:I72) -> 7 | K72: 0 | L72: 0 | M72: 0 | N72: =SUM(K72:M72) -> 0 | O72: 0 | P72: 0 | Q72: 0 | R72: =SUM(O72:Q72) -> 0 | S72: =SUM(G72,K72,O72) -> 0 | T72: =SUM(H72,L72,P72) -> 2 | U72: =SUM(I72,M72,Q72) -> 5 | V72: =SUM(J72,N72,R72) -> 7 | W72: 0 | X72: 0 | Y72: 0 | Z72: =SUM(W72:Y72) -> 0 | AA72: 0 | AB72: 0 | AC72: 0 | AD72: =SUM(AA72:AC72) -> 0 | AE72: 0 | AF72: 0 | AG72: 0 | AH72: =SUM(AE72:AG72) -> 0 | AI72: =SUM(W72,AA72,AE72) -> 0 | AJ72: =SUM(X72,AB72,AF72) -> 0 | AK72: =SUM(Y72,AC72,AG72) -> 0 | AL72: =SUM(Z72,AD72,AH72) -> 0 | AO72: 1 | AP72: =SUM(AM72:AO72) -> 1 | AT72: =SUM(AQ72:AS72) -> 0 | AX72: =SUM(AU72:AW72) -> 0 | AY72: =SUM(AM72,AQ72,AU72) -> 0 | AZ72: =SUM(AN72,AR72,AV72) -> 0 | BA72: =SUM(AO72,AS72,AW72) -> 1 | BB72: =SUM(AP72,AT72,AX72) -> 1 | BF72: =SUM(BC72:BE72) -> 0 | BJ72: =SUM(BG72:BI72) -> 0 | BK72: 0 | BL72: 0 | BM72: 0 | BN72: =SUM(BK72:BM72) -> 0 | BO72: =SUM(BC72,BG72,BK72) -> 0 | BP72: =SUM(BD72,BH72,BL72) -> 0 | BQ72: =SUM(BE72,BI72,BM72) -> 0 | BR72: =SUM(BF72,BJ72,BN72) -> 0
A73: 6. Implant | C73: 0 | D73: 0 | E73: 0 | F73: 0 | G73: =SUM(G74:G75) -> 0 | H73: =SUM(H74:H75) -> 0 | I73: =SUM(I74:I75) -> 0 | J73: =SUM(J74:J75) -> 0 | K73: =SUM(K74:K75) -> 0 | L73: =SUM(L74:L75) -> 0 | M73: =SUM(M74:M75) -> 0 | N73: =SUM(N74:N75) -> 0 | ... R73: =SUM(R74:R75) -> 0 | S73: =SUM(G73,K73,O73) -> 0 | T73: =SUM(H73,L73,P73) -> 0 | U73: =SUM(I73,M73,Q73) -> 0 | V73: =SUM(J73,N73,R73) -> 0 | W73: =SUM(W74:W75) -> 0 | X73: =SUM(X74:X75) -> 0 | Y73: =SUM(Y74:Y75) -> 0 | Z73: =SUM(Z74:Z75) -> 0 | AA73: =SUM(AA74:AA75) -> 0 | AB73: =SUM(AB74:AB75) -> 0 | AC73: =SUM(AC74:AC75) -> 0 | AD73: =SUM(AD74:AD75) -> 0 | ... AH73: =SUM(AH74:AH75) -> 0 | AI73: =SUM(W73,AA73,AE73) -> 0 | AJ73: =SUM(X73,AB73,AF73) -> 0 | AK73: =SUM(Y73,AC73,AG73) -> 0 | AL73: =SUM(Z73,AD73,AH73) -> 0 | AM73: =SUM(AM74:AM75) -> 0 | AN73: =SUM(AN74:AN75) -> 0 | AO73: =SUM(AO74:AO75) -> 0 | AP73: =SUM(AP74:AP75) -> 0 | AQ73: =SUM(AQ74:AQ75) -> 0 | AR73: =SUM(AR74:AR75) -> 0 | AS73: =SUM(AS74:AS75) -> 0 | AT73: =SUM(AT74:AT75) -> 0 | ... AX73: =SUM(AX74:AX75) -> 0 | AY73: =SUM(AM73,AQ73,AU73) -> 0 | AZ73: =SUM(AN73,AR73,AV73) -> 0 | BA73: =SUM(AO73,AS73,AW73) -> 0 | BB73: =SUM(AP73,AT73,AX73) -> 0 | BC73: =SUM(BC74:BC75) -> 0 | BD73: =SUM(BD74:BD75) -> 0 | BE73: =SUM(BE74:BE75) -> 0 | BF73: =SUM(BF74:BF75) -> 0 | BG73: =SUM(BG74:BG75) -> 0 | BH73: =SUM(BH74:BH75) -> 0 | BI73: =SUM(BI74:BI75) -> 0 | BJ73: =SUM(BJ74:BJ75) -> 0 | ... BN73: =SUM(BN74:BN75) -> 0 | BO73: =SUM(BC73,BG73,BK73) -> 0 | BP73: =SUM(BD73,BH73,BL73) -> 0 | BQ73: =SUM(BE73,BI73,BM73) -> 0 | BR73: =SUM(BF73,BJ73,BN73) -> 0
A74: a. Implant-Interval | C74: 0 | D74: 0 | E74: 0 | F74: 0 | G74: 0 | H74: 0 | I74: 0 | J74: =SUM(G74:I74) -> 0 | K74: 0 | L74: 0 | M74: 0 | N74: =SUM(K74:M74) -> 0 | O74: 0 | P74: 0 | Q74: 0 | R74: =SUM(O74:Q74) -> 0 | S74: =SUM(G74,K74,O74) -> 0 | T74: =SUM(H74,L74,P74) -> 0 | U74: =SUM(I74,M74,Q74) -> 0 | V74: =SUM(J74,N74,R74) -> 0 | W74: 0 | X74: 0 | Y74: 0 | Z74: =SUM(W74:Y74) -> 0 | AA74: 0 | AB74: 0 | AC74: 0 | AD74: =SUM(AA74:AC74) -> 0 | AE74: 0 | AF74: 0 | AG74: 0 | AH74: =SUM(AE74:AG74) -> 0 | AI74: =SUM(W74,AA74,AE74) -> 0 | AJ74: =SUM(X74,AB74,AF74) -> 0 | AK74: =SUM(Y74,AC74,AG74) -> 0 | AL74: =SUM(Z74,AD74,AH74) -> 0 | AP74: =SUM(AM74:AO74) -> 0 | AT74: =SUM(AQ74:AS74) -> 0 | AX74: =SUM(AU74:AW74) -> 0 | AY74: =SUM(AM74,AQ74,AU74) -> 0 | AZ74: =SUM(AN74,AR74,AV74) -> 0 | BA74: =SUM(AO74,AS74,AW74) -> 0 | BB74: =SUM(AP74,AT74,AX74) -> 0 | BF74: =SUM(BC74:BE74) -> 0 | BJ74: =SUM(BG74:BI74) -> 0 | BK74: 0 | BL74: 0 | BM74: 0 | BN74: =SUM(BK74:BM74) -> 0 | BO74: =SUM(BC74,BG74,BK74) -> 0 | BP74: =SUM(BD74,BH74,BL74) -> 0 | BQ74: =SUM(BE74,BI74,BM74) -> 0 | BR74: =SUM(BF74,BJ74,BN74) -> 0
A75: b. Implant-PP | C75: 0 | D75: 0 | E75: 0 | F75: 0 | G75: 0 | H75: 0 | I75: 0 | J75: =SUM(G75:I75) -> 0 | K75: 0 | L75: 0 | M75: 0 | N75: =SUM(K75:M75) -> 0 | O75: 0 | P75: 0 | Q75: 0 | R75: =SUM(O75:Q75) -> 0 | S75: =SUM(G75,K75,O75) -> 0 | T75: =SUM(H75,L75,P75) -> 0 | U75: =SUM(I75,M75,Q75) -> 0 | V75: =SUM(J75,N75,R75) -> 0 | W75: 0 | X75: 0 | Y75: 0 | Z75: =SUM(W75:Y75) -> 0 | AA75: 0 | AB75: 0 | AC75: 0 | AD75: =SUM(AA75:AC75) -> 0 | AE75: 0 | AF75: 0 | AG75: 0 | AH75: =SUM(AE75:AG75) -> 0 | AI75: =SUM(W75,AA75,AE75) -> 0 | AJ75: =SUM(X75,AB75,AF75) -> 0 | AK75: =SUM(Y75,AC75,AG75) -> 0 | AL75: =SUM(Z75,AD75,AH75) -> 0 | AP75: =SUM(AM75:AO75) -> 0 | AT75: =SUM(AQ75:AS75) -> 0 | AX75: =SUM(AU75:AW75) -> 0 | AY75: =SUM(AM75,AQ75,AU75) -> 0 | AZ75: =SUM(AN75,AR75,AV75) -> 0 | BA75: =SUM(AO75,AS75,AW75) -> 0 | BB75: =SUM(AP75,AT75,AX75) -> 0 | BF75: =SUM(BC75:BE75) -> 0 | BJ75: =SUM(BG75:BI75) -> 0 | BK75: 0 | BL75: 0 | BM75: 0 | BN75: =SUM(BK75:BM75) -> 0 | BO75: =SUM(BC75,BG75,BK75) -> 0 | BP75: =SUM(BD75,BH75,BL75) -> 0 | BQ75: =SUM(BE75,BI75,BM75) -> 0 | BR75: =SUM(BF75,BJ75,BN75) -> 0
A76: 7. IUD | C76: 0 | D76: 0 | E76: 0 | F76: 0 | G76: =SUM(G77:G78) -> 0 | H76: =SUM(H77:H78) -> 0 | I76: =SUM(I77:I78) -> 0 | J76: =SUM(J77:J78) -> 0 | K76: =SUM(K77:K78) -> 0 | L76: =SUM(L77:L78) -> 0 | M76: =SUM(M77:M78) -> 0 | N76: =SUM(N77:N78) -> 0 | ... R76: =SUM(R77:R78) -> 0 | S76: =SUM(G76,K76,O76) -> 0 | T76: =SUM(H76,L76,P76) -> 0 | U76: =SUM(I76,M76,Q76) -> 0 | V76: =SUM(J76,N76,R76) -> 0 | W76: =SUM(W77:W78) -> 0 | X76: =SUM(X77:X78) -> 0 | Y76: =SUM(Y77:Y78) -> 0 | Z76: =SUM(Z77:Z78) -> 0 | AA76: =SUM(AA77:AA78) -> 0 | AB76: =SUM(AB77:AB78) -> 0 | AC76: =SUM(AC77:AC78) -> 0 | AD76: =SUM(AD77:AD78) -> 0 | ... AH76: =SUM(AH77:AH78) -> 0 | AI76: =SUM(W76,AA76,AE76) -> 0 | AJ76: =SUM(X76,AB76,AF76) -> 0 | AK76: =SUM(Y76,AC76,AG76) -> 0 | AL76: =SUM(Z76,AD76,AH76) -> 0 | AM76: =SUM(AM77:AM78) -> 0 | AN76: =SUM(AN77:AN78) -> 0 | AO76: =SUM(AO77:AO78) -> 0 | AP76: =SUM(AP77:AP78) -> 0 | AQ76: =SUM(AQ77:AQ78) -> 0 | AR76: =SUM(AR77:AR78) -> 0 | AS76: =SUM(AS77:AS78) -> 0 | AT76: =SUM(AT77:AT78) -> 0 | ... AX76: =SUM(AX77:AX78) -> 0 | AY76: =SUM(AM76,AQ76,AU76) -> 0 | AZ76: =SUM(AN76,AR76,AV76) -> 0 | BA76: =SUM(AO76,AS76,AW76) -> 0 | BB76: =SUM(AP76,AT76,AX76) -> 0 | BC76: =SUM(BC77:BC78) -> 0 | BD76: =SUM(BD77:BD78) -> 0 | BE76: =SUM(BE77:BE78) -> 0 | BF76: =SUM(BF77:BF78) -> 0 | BG76: =SUM(BG77:BG78) -> 0 | BH76: =SUM(BH77:BH78) -> 0 | BI76: =SUM(BI77:BI78) -> 0 | BJ76: =SUM(BJ77:BJ78) -> 0 | ... BN76: =SUM(BN77:BN78) -> 0 | BO76: =SUM(BC76,BG76,BK76) -> 0 | BP76: =SUM(BD76,BH76,BL76) -> 0 | BQ76: =SUM(BE76,BI76,BM76) -> 0 | BR76: =SUM(BF76,BJ76,BN76) -> 0
A77: a. IUD-Interval | C77: 0 | D77: 0 | E77: 0 | F77: 0 | G77: 0 | H77: 0 | I77: 0 | J77: =SUM(G77:I77) -> 0 | K77: 0 | L77: 0 | M77: 0 | N77: =SUM(K77:M77) -> 0 | O77: 0 | P77: 0 | Q77: 0 | R77: =SUM(O77:Q77) -> 0 | S77: =SUM(G77,K77,O77) -> 0 | T77: =SUM(H77,L77,P77) -> 0 | U77: =SUM(I77,M77,Q77) -> 0 | V77: =SUM(J77,N77,R77) -> 0 | W77: 0 | X77: 0 | Y77: 0 | Z77: =SUM(W77:Y77) -> 0 | AA77: 0 | AB77: 0 | AC77: 0 | AD77: =SUM(AA77:AC77) -> 0 | AE77: 0 | AF77: 0 | AG77: 0 | AH77: =SUM(AE77:AG77) -> 0 | AI77: =SUM(W77,AA77,AE77) -> 0 | AJ77: =SUM(X77,AB77,AF77) -> 0 | AK77: =SUM(Y77,AC77,AG77) -> 0 | AL77: =SUM(Z77,AD77,AH77) -> 0 | AP77: =SUM(AM77:AO77) -> 0 | AT77: =SUM(AQ77:AS77) -> 0 | AX77: =SUM(AU77:AW77) -> 0 | AY77: =SUM(AM77,AQ77,AU77) -> 0 | AZ77: =SUM(AN77,AR77,AV77) -> 0 | BA77: =SUM(AO77,AS77,AW77) -> 0 | BB77: =SUM(AP77,AT77,AX77) -> 0 | BF77: =SUM(BC77:BE77) -> 0 | BJ77: =SUM(BG77:BI77) -> 0 | BK77: 0 | BL77: 0 | BM77: 0 | BN77: =SUM(BK77:BM77) -> 0 | BO77: =SUM(BC77,BG77,BK77) -> 0 | BP77: =SUM(BD77,BH77,BL77) -> 0 | BQ77: =SUM(BE77,BI77,BM77) -> 0 | BR77: =SUM(BF77,BJ77,BN77) -> 0
A78: b. IUD-PP | C78: 0 | D78: 0 | E78: 0 | F78: 0 | G78: 0 | H78: 0 | I78: 0 | J78: =SUM(G78:I78) -> 0 | K78: 0 | L78: 0 | M78: 0 | N78: =SUM(K78:M78) -> 0 | O78: 0 | P78: 0 | Q78: 0 | R78: =SUM(O78:Q78) -> 0 | S78: =SUM(G78,K78,O78) -> 0 | T78: =SUM(H78,L78,P78) -> 0 | U78: =SUM(I78,M78,Q78) -> 0 | V78: =SUM(J78,N78,R78) -> 0 | W78: 0 | X78: 0 | Y78: 0 | Z78: =SUM(W78:Y78) -> 0 | AA78: 0 | AB78: 0 | AC78: 0 | AD78: =SUM(AA78:AC78) -> 0 | AE78: 0 | AF78: 0 | AG78: 0 | AH78: =SUM(AE78:AG78) -> 0 | AI78: =SUM(W78,AA78,AE78) -> 0 | AJ78: =SUM(X78,AB78,AF78) -> 0 | AK78: =SUM(Y78,AC78,AG78) -> 0 | AL78: =SUM(Z78,AD78,AH78) -> 0 | AP78: =SUM(AM78:AO78) -> 0 | AT78: =SUM(AQ78:AS78) -> 0 | AX78: =SUM(AU78:AW78) -> 0 | AY78: =SUM(AM78,AQ78,AU78) -> 0 | AZ78: =SUM(AN78,AR78,AV78) -> 0 | BA78: =SUM(AO78,AS78,AW78) -> 0 | BB78: =SUM(AP78,AT78,AX78) -> 0 | BF78: =SUM(BC78:BE78) -> 0 | BJ78: =SUM(BG78:BI78) -> 0 | BK78: 0 | BL78: 0 | BM78: 0 | BN78: =SUM(BK78:BM78) -> 0 | BO78: =SUM(BC78,BG78,BK78) -> 0 | BP78: =SUM(BD78,BH78,BL78) -> 0 | BQ78: =SUM(BE78,BI78,BM78) -> 0 | BR78: =SUM(BF78,BJ78,BN78) -> 0
A79: 8. NFP-LAM | C79: 0 | D79: 0 | E79: 10 | F79: 10 | G79: 0 | H79: 2 | I79: 1 | J79: =SUM(G79:I79) -> 3 | K79: 0 | L79: 0 | M79: 3 | N79: =SUM(K79:M79) -> 3 | O79: 0 | P79: 0 | Q79: 4 | R79: =SUM(O79:Q79) -> 4 | S79: =SUM(G79,K79,O79) -> 0 | T79: =SUM(H79,L79,P79) -> 2 | U79: =SUM(I79,M79,Q79) -> 8 | V79: =SUM(J79,N79,R79) -> 10 | W79: 0 | X79: 0 | Y79: 5 | Z79: =SUM(W79:Y79) -> 5 | AA79: 0 | AB79: 0 | AC79: 2 | AD79: =SUM(AA79:AC79) -> 2 | AE79: 0 | AF79: 0 | AG79: 2 | AH79: =SUM(AE79:AG79) -> 2 | AI79: =SUM(W79,AA79,AE79) -> 0 | AJ79: =SUM(X79,AB79,AF79) -> 0 | AK79: =SUM(Y79,AC79,AG79) -> 9 | AL79: =SUM(Z79,AD79,AH79) -> 9 | AO79: 5 | AP79: =SUM(AM79:AO79) -> 5 | AS79: 1 | AT79: =SUM(AQ79:AS79) -> 1 | AW79: 5 | AX79: =SUM(AU79:AW79) -> 5 | AY79: =SUM(AM79,AQ79,AU79) -> 0 | AZ79: =SUM(AN79,AR79,AV79) -> 0 | BA79: =SUM(AO79,AS79,AW79) -> 11 | BB79: =SUM(AP79,AT79,AX79) -> 11 | BE79: 2 | BF79: =SUM(BC79:BE79) -> 2 | BI79: 5 | BJ79: =SUM(BG79:BI79) -> 5 | BK79: 0 | BL79: 0 | BM79: 3 | BN79: =SUM(BK79:BM79) -> 3 | BO79: =SUM(BC79,BG79,BK79) -> 0 | BP79: =SUM(BD79,BH79,BL79) -> 0 | BQ79: =SUM(BE79,BI79,BM79) -> 10 | BR79: =SUM(BF79,BJ79,BN79) -> 10
A80: 9. NFP-BBT | C80: 0 | D80: 0 | E80: 0 | F80: 0 | G80: 0 | H80: 0 | I80: 0 | J80: =SUM(G80:I80) -> 0 | K80: 0 | L80: 0 | M80: 0 | N80: =SUM(K80:M80) -> 0 | O80: 0 | P80: 0 | Q80: 0 | R80: =SUM(O80:Q80) -> 0 | S80: =SUM(G80,K80,O80) -> 0 | T80: =SUM(H80,L80,P80) -> 0 | U80: =SUM(I80,M80,Q80) -> 0 | V80: =SUM(J80,N80,R80) -> 0 | W80: 0 | X80: 0 | Y80: 0 | Z80: =SUM(W80:Y80) -> 0 | AA80: 0 | AB80: 0 | AC80: 0 | AD80: =SUM(AA80:AC80) -> 0 | AE80: 0 | AF80: 0 | AG80: 0 | AH80: =SUM(AE80:AG80) -> 0 | AI80: =SUM(W80,AA80,AE80) -> 0 | AJ80: =SUM(X80,AB80,AF80) -> 0 | AK80: =SUM(Y80,AC80,AG80) -> 0 | AL80: =SUM(Z80,AD80,AH80) -> 0 | AP80: =SUM(AM80:AO80) -> 0 | AT80: =SUM(AQ80:AS80) -> 0 | AX80: =SUM(AU80:AW80) -> 0 | AY80: =SUM(AM80,AQ80,AU80) -> 0 | AZ80: =SUM(AN80,AR80,AV80) -> 0 | BA80: =SUM(AO80,AS80,AW80) -> 0 | BB80: =SUM(AP80,AT80,AX80) -> 0 | BF80: =SUM(BC80:BE80) -> 0 | BJ80: =SUM(BG80:BI80) -> 0 | BK80: 0 | BL80: 0 | BM80: 0 | BN80: =SUM(BK80:BM80) -> 0 | BO80: =SUM(BC80,BG80,BK80) -> 0 | BP80: =SUM(BD80,BH80,BL80) -> 0 | BQ80: =SUM(BE80,BI80,BM80) -> 0 | BR80: =SUM(BF80,BJ80,BN80) -> 0
A81: 10. NFP-CMM | C81: 0 | D81: 0 | E81: 0 | F81: 0 | G81: 0 | H81: 0 | I81: 0 | J81: =SUM(G81:I81) -> 0 | K81: 0 | L81: 0 | M81: 0 | N81: =SUM(K81:M81) -> 0 | O81: 0 | P81: 0 | Q81: 0 | R81: =SUM(O81:Q81) -> 0 | S81: =SUM(G81,K81,O81) -> 0 | T81: =SUM(H81,L81,P81) -> 0 | U81: =SUM(I81,M81,Q81) -> 0 | V81: =SUM(J81,N81,R81) -> 0 | W81: 0 | X81: 0 | Y81: 0 | Z81: =SUM(W81:Y81) -> 0 | AA81: 0 | AB81: 0 | AC81: 0 | AD81: =SUM(AA81:AC81) -> 0 | AE81: 0 | AF81: 0 | AG81: 0 | AH81: =SUM(AE81:AG81) -> 0 | AI81: =SUM(W81,AA81,AE81) -> 0 | AJ81: =SUM(X81,AB81,AF81) -> 0 | AK81: =SUM(Y81,AC81,AG81) -> 0 | AL81: =SUM(Z81,AD81,AH81) -> 0 | AP81: =SUM(AM81:AO81) -> 0 | AT81: =SUM(AQ81:AS81) -> 0 | AX81: =SUM(AU81:AW81) -> 0 | AY81: =SUM(AM81,AQ81,AU81) -> 0 | AZ81: =SUM(AN81,AR81,AV81) -> 0 | BA81: =SUM(AO81,AS81,AW81) -> 0 | BB81: =SUM(AP81,AT81,AX81) -> 0 | BF81: =SUM(BC81:BE81) -> 0 | BJ81: =SUM(BG81:BI81) -> 0 | BK81: 0 | BL81: 0 | BM81: 0 | BN81: =SUM(BK81:BM81) -> 0 | BO81: =SUM(BC81,BG81,BK81) -> 0 | BP81: =SUM(BD81,BH81,BL81) -> 0 | BQ81: =SUM(BE81,BI81,BM81) -> 0 | BR81: =SUM(BF81,BJ81,BN81) -> 0
A82: 11. NFP-STM | C82: 0 | D82: 0 | E82: 0 | F82: 0 | G82: 0 | H82: 0 | I82: 0 | J82: =SUM(G82:I82) -> 0 | K82: 0 | L82: 0 | M82: 0 | N82: =SUM(K82:M82) -> 0 | O82: 0 | P82: 0 | Q82: 0 | R82: =SUM(O82:Q82) -> 0 | S82: =SUM(G82,K82,O82) -> 0 | T82: =SUM(H82,L82,P82) -> 0 | U82: =SUM(I82,M82,Q82) -> 0 | V82: =SUM(J82,N82,R82) -> 0 | W82: 0 | X82: 0 | Y82: 0 | Z82: =SUM(W82:Y82) -> 0 | AA82: 0 | AB82: 0 | AC82: 0 | AD82: =SUM(AA82:AC82) -> 0 | AE82: 0 | AF82: 0 | AG82: 0 | AH82: =SUM(AE82:AG82) -> 0 | AI82: =SUM(W82,AA82,AE82) -> 0 | AJ82: =SUM(X82,AB82,AF82) -> 0 | AK82: =SUM(Y82,AC82,AG82) -> 0 | AL82: =SUM(Z82,AD82,AH82) -> 0 | AP82: =SUM(AM82:AO82) -> 0 | AT82: =SUM(AQ82:AS82) -> 0 | AX82: =SUM(AU82:AW82) -> 0 | AY82: =SUM(AM82,AQ82,AU82) -> 0 | AZ82: =SUM(AN82,AR82,AV82) -> 0 | BA82: =SUM(AO82,AS82,AW82) -> 0 | BB82: =SUM(AP82,AT82,AX82) -> 0 | BF82: =SUM(BC82:BE82) -> 0 | BJ82: =SUM(BG82:BI82) -> 0 | BK82: 0 | BL82: 0 | BM82: 0 | BN82: =SUM(BK82:BM82) -> 0 | BO82: =SUM(BC82,BG82,BK82) -> 0 | BP82: =SUM(BD82,BH82,BL82) -> 0 | BQ82: =SUM(BE82,BI82,BM82) -> 0 | BR82: =SUM(BF82,BJ82,BN82) -> 0
A83: 12. NFP-SDM | C83: 0 | D83: 0 | E83: 0 | F83: 0 | G83: 0 | H83: 0 | I83: 0 | J83: =SUM(G83:I83) -> 0 | K83: 0 | L83: 0 | M83: 0 | N83: =SUM(K83:M83) -> 0 | O83: 0 | P83: 0 | Q83: 0 | R83: =SUM(O83:Q83) -> 0 | S83: =SUM(G83,K83,O83) -> 0 | T83: =SUM(H83,L83,P83) -> 0 | U83: =SUM(I83,M83,Q83) -> 0 | V83: =SUM(J83,N83,R83) -> 0 | W83: 0 | X83: 0 | Y83: 0 | Z83: =SUM(W83:Y83) -> 0 | AA83: 0 | AB83: 0 | AC83: 0 | AD83: =SUM(AA83:AC83) -> 0 | AE83: 0 | AF83: 0 | AG83: 0 | AH83: =SUM(AE83:AG83) -> 0 | AI83: =SUM(W83,AA83,AE83) -> 0 | AJ83: =SUM(X83,AB83,AF83) -> 0 | AK83: =SUM(Y83,AC83,AG83) -> 0 | AL83: =SUM(Z83,AD83,AH83) -> 0 | AP83: =SUM(AM83:AO83) -> 0 | AT83: =SUM(AQ83:AS83) -> 0 | AX83: =SUM(AU83:AW83) -> 0 | AY83: =SUM(AM83,AQ83,AU83) -> 0 | AZ83: =SUM(AN83,AR83,AV83) -> 0 | BA83: =SUM(AO83,AS83,AW83) -> 0 | BB83: =SUM(AP83,AT83,AX83) -> 0 | BF83: =SUM(BC83:BE83) -> 0 | BJ83: =SUM(BG83:BI83) -> 0 | BK83: 0 | BL83: 0 | BM83: 0 | BN83: =SUM(BK83:BM83) -> 0 | BO83: =SUM(BC83,BG83,BK83) -> 0 | BP83: =SUM(BD83,BH83,BL83) -> 0 | BQ83: =SUM(BE83,BI83,BM83) -> 0 | BR83: =SUM(BF83,BJ83,BN83) -> 0
A84: Total Current User (Ending)
A85: 1. BTL | C85: 0 | D85: 0 | E85: 6 | F85: 6 | G85: =SUM(G9,G28,G47)-G66 -> 0 | H85: =SUM(H9,H28,H47)-H66 -> 0 | I85: =SUM(I9,I28,I47)-I66 -> 6 | J85: =SUM(J9,J28,J47)-J66 -> 6 | K85: =SUM(K9,K28,K47)-K66 -> 0 | L85: =SUM(L9,L28,L47)-L66 -> 0 | M85: =SUM(M9,M28,M47)-M66 -> 6 | N85: =SUM(N9,N28,N47)-N66 -> 6 | ... BR85: =SUM(BR9,BR28,BR47)-BR66 -> 6
A86: 2. NSV | C86: 0 | D86: 0 | E86: 0 | F86: 0 | G86: =SUM(G10,G29,G48)-G67 -> 0 | H86: =SUM(H10,H29,H48)-H67 -> 0 | I86: =SUM(I10,I29,I48)-I67 -> 0 | J86: =SUM(J10,J29,J48)-J67 -> 0 | K86: =SUM(K10,K29,K48)-K67 -> 0 | L86: =SUM(L10,L29,L48)-L67 -> 0 | M86: =SUM(M10,M29,M48)-M67 -> 0 | N86: =SUM(N10,N29,N48)-N67 -> 0 | ... BR86: =SUM(BR10,BR29,BR48)-BR67 -> 0
A87: 3. Condom | C87: 0 | D87: 1 | E87: 2 | F87: 3 | G87: =SUM(G11,G30,G49)-G68 -> 0 | H87: =SUM(H11,H30,H49)-H68 -> 0 | I87: =SUM(I11,I30,I49)-I68 -> 1 | J87: =SUM(J11,J30,J49)-J68 -> 1 | K87: =SUM(K11,K30,K49)-K68 -> 0 | L87: =SUM(L11,L30,L49)-L68 -> 0 | M87: =SUM(M11,M30,M49)-M68 -> 1 | N87: =SUM(N11,N30,N49)-N68 -> 1 | ... BR87: =SUM(BR11,BR30,BR49)-BR68 -> 3
A88: 4. Pills | C88: 0 | D88: 1 | E88: 121 | F88: 122 | G88: =SUM(G12,G31,G50)-G69 -> 0 | H88: =SUM(H12,H31,H50)-H69 -> 2 | I88: =SUM(I12,I31,I50)-I69 -> 169 | J88: =SUM(J12,J31,J50)-J69 -> 171 | K88: =SUM(K12,K31,K50)-K69 -> 0 | L88: =SUM(L12,L31,L50)-L69 -> 2 | M88: =SUM(M12,M31,M50)-M69 -> 169 | N88: =SUM(N12,N31,N50)-N69 -> 171 | ... BR88: =SUM(BR12,BR31,BR50)-BR69 -> 122
A89: a. Pills-POP | C89: 0 | D89: 0 | E89: 5 | F89: 5 | G89: =SUM(G13,G32,G51)-G70 -> 0 | H89: =SUM(H13,H32,H51)-H70 -> 0 | I89: =SUM(I13,I32,I51)-I70 -> 3 | J89: =SUM(J13,J32,J51)-J70 -> 3 | K89: =SUM(K13,K32,K51)-K70 -> 0 | L89: =SUM(L13,L32,L51)-L70 -> 0 | M89: =SUM(M13,M32,M51)-M70 -> 3 | N89: =SUM(N13,N32,N51)-N70 -> 3 | ... BR89: =SUM(BR13,BR32,BR51)-BR70 -> 5
A90: b. Pills-COC | C90: 0 | D90: 1 | E90: 116 | F90: 117 | G90: =SUM(G14,G33,G52)-G71 -> 0 | H90: =SUM(H14,H33,H52)-H71 -> 2 | I90: =SUM(I14,I33,I52)-I71 -> 166 | J90: =SUM(J14,J33,J52)-J71 -> 168 | K90: =SUM(K14,K33,K52)-K71 -> 0 | L90: =SUM(L14,L33,L52)-L71 -> 2 | M90: =SUM(M14,M33,M52)-M71 -> 166 | N90: =SUM(N14,N33,N52)-N71 -> 168 | ... BR90: =SUM(BR14,BR33,BR52)-BR71 -> 117
A91: 5. Injectables (DMPA/POI) | C91: 0 | D91: 2 | E91: 32 | F91: 34 | G91: =SUM(G15,G34,G53)-G72 -> 0 | H91: =SUM(H15,H34,H53)-H72 -> 1 | I91: =SUM(I15,I34,I53)-I72 -> 21 | J91: =SUM(J15,J34,J53)-J72 -> 22 | K91: =SUM(K15,K34,K53)-K72 -> 0 | L91: =SUM(L15,L34,L53)-L72 -> 1 | M91: =SUM(M15,M34,M53)-M72 -> 21 | N91: =SUM(N15,N34,N53)-N72 -> 22 | ... BR91: =SUM(BR15,BR34,BR53)-BR72 -> 34
A92: 6. Implant | C92: 0 | D92: 0 | E92: 3 | F92: 3 | G92: =SUM(G16,G35,G54)-G73 -> 0 | H92: =SUM(H16,H35,H54)-H73 -> 0 | I92: =SUM(I16,I35,I54)-I73 -> 0 | J92: =SUM(J16,J35,J54)-J73 -> 0 | K92: =SUM(K16,K35,K54)-K73 -> 0 | L92: =SUM(L16,L35,L54)-L73 -> 0 | M92: =SUM(M16,M35,M54)-M73 -> 0 | N92: =SUM(N16,N35,N54)-N73 -> 0 | ... BR92: =SUM(BR16,BR35,BR54)-BR73 -> 3
A93: a. Implant-Interval | C93: 0 | D93: 0 | E93: 2 | F93: 2 | G93: =SUM(G17,G36,G55)-G74 -> 0 | H93: =SUM(H17,H36,H55)-H74 -> 0 | I93: =SUM(I17,I36,I55)-I74 -> 0 | J93: =SUM(J17,J36,J55)-J74 -> 0 | K93: =SUM(K17,K36,K55)-K74 -> 0 | L93: =SUM(L17,L36,L55)-L74 -> 0 | M93: =SUM(M17,M36,M55)-M74 -> 0 | N93: =SUM(N17,N36,N55)-N74 -> 0 | ... BR93: =SUM(BR17,BR36,BR55)-BR74 -> 2
A94: b. Implant-PP | C94: 0 | D94: 0 | E94: 1 | F94: 1 | G94: =SUM(G18,G37,G56)-G75 -> 0 | H94: =SUM(H18,H37,H56)-H75 -> 0 | I94: =SUM(I18,I37,I56)-I75 -> 0 | J94: =SUM(J18,J37,J56)-J75 -> 0 | K94: =SUM(K18,K37,K56)-K75 -> 0 | L94: =SUM(L18,L37,L56)-L75 -> 0 | M94: =SUM(M18,M37,M56)-M75 -> 0 | N94: =SUM(N18,N37,N56)-N75 -> 0 | ... BR94: =SUM(BR18,BR37,BR56)-BR75 -> 1
A95: 7. IUD | C95: 0 | D95: 0 | E95: 0 | F95: 0 | G95: =SUM(G19,G38,G57)-G76 -> 0 | H95: =SUM(H19,H38,H57)-H76 -> 0 | I95: =SUM(I19,I38,I57)-I76 -> 0 | J95: =SUM(J19,J38,J57)-J76 -> 0 | K95: =SUM(K19,K38,K57)-K76 -> 0 | L95: =SUM(L19,L38,L57)-L76 -> 0 | M95: =SUM(M19,M38,M57)-M76 -> 0 | N95: =SUM(N19,N38,N57)-N76 -> 0 | ... BR95: =SUM(BR19,BR38,BR57)-BR76 -> 0
A96: a. IUD-Interval | C96: 0 | D96: 0 | E96: 0 | F96: 0 | G96: =SUM(G20,G39,G58)-G77 -> 0 | H96: =SUM(H20,H39,H58)-H77 -> 0 | I96: =SUM(I20,I39,I58)-I77 -> 0 | J96: =SUM(J20,J39,J58)-J77 -> 0 | K96: =SUM(K20,K39,K58)-K77 -> 0 | L96: =SUM(L20,L39,L58)-L77 -> 0 | M96: =SUM(M20,M39,M58)-M77 -> 0 | N96: =SUM(N20,N39,N58)-N77 -> 0 | ... BR96: =SUM(BR20,BR39,BR58)-BR77 -> 0
... A102: 12. NFP-SDM | C102: 0 | D102: 0 | E102: 0 | F102: 0 | G102: =SUM(G26,G45,G64)-G83 -> 0 | H102: =SUM(H26,H45,H64)-H83 -> 0 | I102: =SUM(I26,I45,I64)-I83 -> 0 | J102: =SUM(J26,J45,J64)-J83 -> 0 | K102: =SUM(K26,K45,K64)-K83 -> 0 | L102: =SUM(L26,L45,L64)-L83 -> 0 | M102: =SUM(M26,M45,M64)-M83 -> 0 | N102: =SUM(N26,N45,N64)-N83 -> 0 | ... BR102: =SUM(BR26,BR45,BR64)-BR83 -> 0
A103: Total New Acceptors (Present)
A104: 1. BTL | C104: 0 | D104: 0 | E104: 0 | F104: 0 | J104: =SUM(G104:I104) -> 0 | N104: =SUM(K104:M104) -> 0 | R104: =SUM(O104:Q104) -> 0 | S104: =SUM(G104,K104,O104) -> 0 | T104: =SUM(H104,L104,P104) -> 0 | U104: =SUM(I104,M104,Q104) -> 0 | V104: =SUM(J104,N104,R104) -> 0 | Z104: =SUM(W104:Y104) -> 0 | AD104: =SUM(AA104:AC104) -> 0 | AH104: =SUM(AE104:AG104) -> 0 | AI104: =SUM(W104,AA104,AE104) -> 0 | AJ104: =SUM(X104,AB104,AF104) -> 0 | AK104: =SUM(Y104,AC104,AG104) -> 0 | AL104: =SUM(Z104,AD104,AH104) -> 0 | AP104: =SUM(AM104:AO104) -> 0 | AT104: =SUM(AQ104:AS104) -> 0 | AX104: =SUM(AU104:AW104) -> 0 | AY104: =SUM(AM104,AQ104,AU104) -> 0 | AZ104: =SUM(AN104,AR104,AV104) -> 0 | BA104: =SUM(AO104,AS104,AW104) -> 0 | BB104: =SUM(AP104,AT104,AX104) -> 0 | BF104: =SUM(BC104:BE104) -> 0 | BJ104: =SUM(BG104:BI104) -> 0 | BK104: 0 | BL104: 0 | BM104: 0 | BN104: =SUM(BK104:BM104) -> 0 | BO104: =SUM(BC104,BG104,BK104) -> 0 | BP104: =SUM(BD104,BH104,BL104) -> 0 | BQ104: =SUM(BE104,BI104,BM104) -> 0 | BR104: =SUM(BF104,BJ104,BN104) -> 0
A105: 2. NSV | C105: 0 | D105: 0 | E105: 0 | F105: 0 | J105: =SUM(G105:I105) -> 0 | N105: =SUM(K105:M105) -> 0 | R105: =SUM(O105:Q105) -> 0 | S105: =SUM(G105,K105,O105) -> 0 | T105: =SUM(H105,L105,P105) -> 0 | U105: =SUM(I105,M105,Q105) -> 0 | V105: =SUM(J105,N105,R105) -> 0 | Z105: =SUM(W105:Y105) -> 0 | AD105: =SUM(AA105:AC105) -> 0 | AH105: =SUM(AE105:AG105) -> 0 | AI105: =SUM(W105,AA105,AE105) -> 0 | AJ105: =SUM(X105,AB105,AF105) -> 0 | AK105: =SUM(Y105,AC105,AG105) -> 0 | AL105: =SUM(Z105,AD105,AH105) -> 0 | AP105: =SUM(AM105:AO105) -> 0 | AT105: =SUM(AQ105:AS105) -> 0 | AX105: =SUM(AU105:AW105) -> 0 | AY105: =SUM(AM105,AQ105,AU105) -> 0 | AZ105: =SUM(AN105,AR105,AV105) -> 0 | BA105: =SUM(AO105,AS105,AW105) -> 0 | BB105: =SUM(AP105,AT105,AX105) -> 0 | BF105: =SUM(BC105:BE105) -> 0 | BJ105: =SUM(BG105:BI105) -> 0 | BK105: 0 | BL105: 0 | BM105: 0 | BN105: =SUM(BK105:BM105) -> 0 | BO105: =SUM(BC105,BG105,BK105) -> 0 | BP105: =SUM(BD105,BH105,BL105) -> 0 | BQ105: =SUM(BE105,BI105,BM105) -> 0 | BR105: =SUM(BF105,BJ105,BN105) -> 0
...

Sheet ST_Child, OHC, NCD, & Infectiou
A1: Summary Table - PAMORANGON | C1: Date reported by BHS Midwife/Nurse: | I1: - | L1: - | O1: - | R1: - | U1: - | X1: - | AA1: - | AD1: -
C2: Date validated by RHU FHSIS Coordinator: | I2: - | L2: - | O2: - | R2: - | U2: - | X2: - | AA2: - | AD2: -
A3: *Leave no blank cells (put '0' to zero indicators) **Right Click, Paste special, Values only (when pasting in M1/M2 8PAA Generator columns) | I3: JAN | L3: FEB | O3: MAR | R3: 1st Qtr | U3: APR | X3: MAY | AA3: JUN | AD3: 2nd Qtr | AG3: JUL | AJ3: AUG | AM3: SEP | AP3: 3rd Qtr | AS3: OCT | AV3: NOV | AY3: DEC | BB3: 4th Qtr | BE3: ANNUAL | BH3: %
A4: Indicators | B4: Target | C4: M2 (8PAA) GENERATOR | F4: M1 GENERATOR
C5: M | D5: F | E5: T | F5: M | G5: F | H5: T | I5: M | J5: F | K5: T | L5: M | M5: F | N5: T | O5: M | P5: F | Q5: T | R5: M | S5: F | T5: T | U5: M | V5: F | W5: T | X5: M | Y5: F | Z5: T | AA5: M | AB5: F | AC5: T | AD5: M | AE5: F | AF5: T | AG5: M | AH5: F | AI5: T | AJ5: M | AK5: F | AL5: T | AM5: M | AN5: F | AO5: T | AP5: M | AQ5: F | AR5: T | AS5: M | AT5: F | AU5: T | AV5: M | AW5: F | AX5: T | AY5: M | AZ5: F | BA5: T | BB5: M | BC5: F | BD5: T | BE5: M | BF5: F | BG5: T
A6: CHILD CARE
A7: Part 1 - Child Immunization
A8: A.1. Immunization Services
A9: 1. Children protected at birth (CPAB) | B9: 71 | C9: 22 | D9: 20 | E9: 42 | F9: 22 | G9: 20 | H9: 42 | I9: 4 | J9: 1 | K9: =SUM(I9:J9) -> 5 | L9: 0 | M9: 0 | N9: =SUM(L9:M9) -> 0 | O9: 1 | P9: 3 | Q9: =SUM(O9:P9) -> 4 | R9: =SUM(I9,L9,O9) -> 5 | S9: =SUM(J9,M9,P9) -> 4 | T9: =SUM(K9,N9,Q9) -> 9 | V9: 2 | W9: =SUM(U9:V9) -> 2 | X9: 2 | Y9: 0 | Z9: =SUM(X9:Y9) -> 2 | AA9: 2 | AB9: 1 | AC9: =SUM(AA9:AB9) -> 3 | AD9: =SUM(U9,X9,AA9) -> 4 | AE9: =SUM(V9,Y9,AB9) -> 3 | AF9: =SUM(W9,Z9,AC9) -> 7 | AG9: 2 | AH9: 1 | AI9: =SUM(AG9:AH9) -> 3 | AJ9: 5 | AK9: 3 | AL9: =SUM(AJ9:AK9) -> 8 | AM9: 2 | AN9: 2 | AO9: =SUM(AM9:AN9) -> 4 | AP9: =SUM(AG9,AJ9,AM9) -> 9 | AQ9: =SUM(AH9,AK9,AN9) -> 6 | AR9: =SUM(AI9,AL9,AO9) -> 15 | AS9: 3 | AT9: 2 | AU9: =SUM(AS9:AT9) -> 5 | AV9: 0 | AW9: 3 | AX9: =SUM(AV9:AW9) -> 3 | AY9: 1 | AZ9: 2 | BA9: =SUM(AY9:AZ9) -> 3 | BB9: =SUM(AS9,AV9,AY9) -> 4 | BC9: =SUM(AT9,AW9,AZ9) -> 7 | BD9: =SUM(AU9,AX9,BA9) -> 11 | BE9: =SUM(R9,AD9,AP9,BB9) -> 22 | BF9: =SUM(S9,AE9,AQ9,BC9) -> 20 | BG9: =SUM(T9,AF9,AR9,BD9) -> 42 | BH9: =BG9/B9 -> 0.5915493
A10: 2. BCG (within 0-28 days) | C10: 15 | D10: 16 | E10: 31 | F10: 15 | G10: 16 | H10: 31 | K10: =SUM(I10:J10) -> 0 | L10: 1 | M10: 1 | N10: =SUM(L10:M10) -> 2 | P10: 1 | Q10: =SUM(O10:P10) -> 1 | R10: =SUM(I10,L10,O10) -> 1 | S10: =SUM(J10,M10,P10) -> 2 | T10: =SUM(K10,N10,Q10) -> 3 | W10: =SUM(U10:V10) -> 0 | Z10: =SUM(X10:Y10) -> 0 | AC10: =SUM(AA10:AB10) -> 0 | AD10: =SUM(U10,X10,AA10) -> 0 | AE10: =SUM(V10,Y10,AB10) -> 0 | AF10: =SUM(W10,Z10,AC10) -> 0 | AG10: 2 | AH10: 1 | AI10: =SUM(AG10:AH10) -> 3 | AJ10: 5 | AK10: 3 | AL10: =SUM(AJ10:AK10) -> 8 | AM10: 2 | AN10: 2 | AO10: =SUM(AM10:AN10) -> 4 | AP10: =SUM(AG10,AJ10,AM10) -> 9 | AQ10: =SUM(AH10,AK10,AN10) -> 6 | AR10: =SUM(AI10,AL10,AO10) -> 15 | AS10: 4 | AT10: 2 | AU10: =SUM(AS10:AT10) -> 6 | AV10: 0 | AW10: 3 | AX10: =SUM(AV10:AW10) -> 3 | AY10: 1 | AZ10: 3 | BA10: =SUM(AY10:AZ10) -> 4 | BB10: =SUM(AS10,AV10,AY10) -> 5 | BC10: =SUM(AT10,AW10,AZ10) -> 8 | BD10: =SUM(AU10,AX10,BA10) -> 13 | BE10: =SUM(R10,AD10,AP10,BB10) -> 15 | BF10: =SUM(S10,AE10,AQ10,BC10) -> 16 | BG10: =SUM(T10,AF10,AR10,BD10) -> 31 | BH10: =BG10/B9 -> 0.43661972
A11: 3. BCG (29 days to 1 year old) | C11: 0 | D11: 0 | E11: 0 | F11: 0 | G11: 0 | H11: 0 | K11: =SUM(I11:J11) -> 0 | N11: =SUM(L11:M11) -> 0 | Q11: =SUM(O11:P11) -> 0 | R11: =SUM(I11,L11,O11) -> 0 | S11: =SUM(J11,M11,P11) -> 0 | T11: =SUM(K11,N11,Q11) -> 0 | W11: =SUM(U11:V11) -> 0 | Z11: =SUM(X11:Y11) -> 0 | AC11: =SUM(AA11:AB11) -> 0 | AD11: =SUM(U11,X11,AA11) -> 0 | AE11: =SUM(V11,Y11,AB11) -> 0 | AF11: =SUM(W11,Z11,AC11) -> 0 | AI11: =SUM(AG11:AH11) -> 0 | AJ11: 0 | AK11: 0 | AL11: =SUM(AJ11:AK11) -> 0 | AO11: =SUM(AM11:AN11) -> 0 | AP11: =SUM(AG11,AJ11,AM11) -> 0 | AQ11: =SUM(AH11,AK11,AN11) -> 0 | AR11: =SUM(AI11,AL11,AO11) -> 0 | AS11: 0 | AT11: 0 | AU11: =SUM(AS11:AT11) -> 0 | AV11: 0 | AW11: 0 | AX11: =SUM(AV11:AW11) -> 0 | AY11: 0 | AZ11: 0 | BA11: =SUM(AY11:AZ11) -> 0 | BB11: =SUM(AS11,AV11,AY11) -> 0 | BC11: =SUM(AT11,AW11,AZ11) -> 0 | BD11: =SUM(AU11,AX11,BA11) -> 0 | BE11: =SUM(R11,AD11,AP11,BB11) -> 0 | BF11: =SUM(S11,AE11,AQ11,BC11) -> 0 | BG11: =SUM(T11,AF11,AR11,BD11) -> 0 | BH11: =BG11/B9 -> 0
